SubjectID,SubjectName
,Pan-American history
,Manosphere Schools of Gender Dynamics
,Computational biology
,Mathematical physics
,Peruvian history
,Public administration
,Ballistics
,Differential topology
,Theism
,Finnish history
,Universal algebra
,Condensed matter physics
,Computability theory
,Geodesy
,Human-computer interaction
,Feminine psychology
,Forensic biology
,Philosophy of music
,Electrochemistry
,Philosophy of economics
,Marketing
,Quantum chromodynamics
,Glaciology
,Toxicology
,Geomatics
,Quantum information
,Natural language processing
,Occupational psychology
,Philippine history
,Entrepreneurial economics
,Hydrology
,Urban geography
,Monetary economics
,Electrokinetics
,Energy economics
,Behavioural genetics
,Finite element analysis
,Discrete geometry
,Fractional dynamics
,Limacology
,Ecclesiastical history of the Catholic Church
,Magnetism
,Neuroeconomics
,Algebraic number theory
,Nationalism studies
,Synthetic chemistry
,Distributed computing
,Measure theory
,Rehabilitation psychology
,Neuropsychology
,Palaeoclimatology
,Mathematical logic
,Comparative politics
,Celestial cartography
,Cognitive psychology
,Criminal psychology
,Thermal physics
,Polymer chemistry
,Platonism
,Petrophysics
,Chaos theory
,Cognitive science
,Felinology
,Environmental psychology
,History of the Roman Empire
,Microbiology
,Arthropodology
,Humanistic informatics
,Clinical neuropsychology
,Philosophy of language
,Economic value
,Ancient Middle Eastern history
,Philosophy of history
,Radiophysics
,Flavor
,Supramolecular chemistry
,Parasitology
,Argentine history
,Conservation psychology
,Agrophysics
,Pharmacology
,Object-oriented programming
,Set theory
,Phytochemistry
,Computational sociology
,Market economy
,Scientific history
,Black psychology
,Human anatomy
,Parallel computing
,Cryogenics
,Political geography
,Fracture mechanics
,Consumer economics
,Organizational psychology
,Forensic chemistry
,Tourism geography
,Personality psychology
,Petrochemistry
,Surface chemistry
,Bioinformatics
,Hematopathology
,High-performance computing
,Asian psychology
,Zoology
,Scientific computing
,Acoustics
,Langevin dynamics
,Icelandic history
,Image processing
,Economic history
,Eastern philosophy
,Climatology
,Population geography
,Singapore politics
,Relativistic mechanics
,Theoretical physics
,Ethnobiology
,Hydrodynamics
,Quantum statistical mechanics
,Vietnamese history
,Systematics
,Philosophy of Action
,Wireless computing
,Environmental economics
,Homological algebra
,Logic in computer science
,Relational databases
,Steganography
,Medieval philosophy
,Philosophy of biology
,Labor economics
,Biochemistry
,Political philosophy
,Inorganic chemistry
,Algebraic geometry
,Ethics
,Histochemistry
,Organic chemistry
,Social geography
,Computational neuroscience
,Non-standard analysis
,Humanistic psychology
,Data structures
,Natural product chemistry
,Evolutionary biology
,Zootomy
,Nanotechnology
,Particle physics
,Population genetics
,Green chemistry
,Latin American history
,Ancient history
,Applied psychology
,Inventory theory
,Canadian history
,Development geography
,Soil physics
,Mineralogy
,Cnidariology
,Oology
,Philosophy of space and time
,Information science
,Accounting research
,British history
,Conservation biology
,Particle mechanics
,Algorithms
,Computer vision
,Growth economics
,Indian politics
,Atmology
,Data science
,Object databases
,Exercise physiology
,Actuarial science
,mathematics
,Topography
,Applied economics
,Quantum physics
,Econophysics
,Business administration
,Public policy
,Jewish history
,Physical chemistry
,Ecology
,Ethnozoology
,Computer program
,Geometric topology
,Ethnoecology
,Machine learning
,Ethology
,Knowledge economy
,Quantum mechanics
,Intuitionistic logic
,Modern history
,Labor history
,Geobiology
,Military psychology
,Vehicle dynamics
,Phytopathology
,Geodynamics
,Aesthetics
,Philosophy of chemistry
,Combinatorics
,Green economics
,Geographic information systems
,Cartography
,Internet
,Environmental geography
,Bryozoology
,Scholasticism
,Phenomenology
,Histology
,Teuthology
,Chinese history
,Nonprofit administration
,Operating systems
,Real options analysis
,Anthrozoology
,Moral psychology
,Preclassic Maya
,Physiology
,History of philosophy
,Economic systems
,Medical psychology
,History of computer hardware
,Geology
,Resource economics
,Comparative anatomy
,Strategic geography
,Regional geography
,Child psychopathology
,Cognitive biology
,Epigenetics
,Information retrieval
,Plasma physics
,Turkish history
,Marxism
,Entomology
,Information technology
,Data management
,Reasoning errors
,Islamic philosophy
,Classical physics
,Quantum electrodynamics
,Solid state physics
,Newtonian dynamics
,Mechanochemistry
,Relativistic dynamics
,Bioeconomics
,Arithmetic combinatorics
,French history
,Optics
,Information system
,African history
,Philosophy of physics
,Ontology
,Chemical biology
,Flow chemistry
,Compilers
,Molecular physics
,Psychology of religion
,Spanish history
,Behavioral neuroscience
,Developmental biology
,Family economics
,Psychometrics
,Marine biology
,Environmental history
,Remote sensing
,Feminist economics
,Programming languages
,JEL classification codes
,History of political thought
,Number theory
,Emergency management
,Feminist geography
,Mycology
,social sciences
,Fluid dynamics
,Agroecology
,Human resources
,Pedology (children study)
,Systems analysis
,Mathematical geography
,Invertebrate zoology
,VLSI design
,Econometrics
,Experimental psychology
,Health informatics
,Information theory
,Political history
,Clinical psychology
,Stellar dynamics
,Conchology
,Microeconomics
,Parallel algorithms
,Bacteriology
,Associative algebra
,Coding theory
,Justification
,Military geography
,Quantum optics
,Biomechanics
,Thermodynamics
,Dynamical systems
,Ornithology
,European studies
,Non-Euclidean geometry
,German history
,General relativity
,Agrochemistry
,Portuguese history
,Language geography
,Complex analysis
,Media psychology
,Robotics
,Group theory
,Polymer physics
,Multilinear algebra
,Convex geometry
,Quantitative psychology
,Solid mechanics
,Music psychology
,Psychophysics
,Atmospheric physics
,Harmonic analysis
,Type theory
,Welfare economics
,Behavioural geography
,Mathematical economics
,Petrology
,Philosophy of engineering
,Mexican history
,Industrial and labor relations
,Expert systems
,Mathematical psychology
,Electromagnetism
,Stochastic processes
,History of the Yangtze civilization
,Human biology
,Artificial neural networks
,Consumer psychology
,Differential psychology
,Quaternary science
,Indonesian history
,Optomechanics
,Human physiology
,Demography
,Geomorphology
,Experimental physics
,Biophysics
,Hydrogenation
,Data visualization
,Geophysics
,Multi-valued logic
,Spintronics
,East and Central African history
,Arachnology
,Cryptography
,Transpersonal psychology
,Atomic physics
,Philosophy of mathematics
,Marxian economics
,Real estate economics
,Environmental ethics
,Public finance
,Lithology
,Recursion theory
,Travel psychology
,Distributed algorithms
,Mechanics
,Analysis
,Paleobiology
,Algebra
,Chemical engineering
,Catalysts
,The Stone Age
,Computational fluid dynamics
,Carcinology
,Endocrinology
,Biopolitics
,Computational number theory
,Ubiquitous computing
,Civics
,Euclidean geometry
,Mathematical biology
,Russian history
,History of the Yellow River civilization
,Iranian history
,Computational mathematics
,Ergodic theory
,Philosophy of education
,Agricultural economics
,Political psychology
,Relativistic kinematics
,Management information systems
,Scheduling
,Health politics
,Relativistic quantum mechanics
,Biotechnology
,Non-governmental organization (NGO) administration
,Functional analysis
,Strategy
,Development economics
,Family psychology
,Forensic psychology
,Functional programming
,Kinetics
,Teleology
,Decision science
,Dynamic programming
,Educational psychology
,Forensic developmental psychology
,Linear algebra
,Normative ethics
,Computer graphics
,Astrochemistry
,Fault-tolerant computing
,E-Business
,Financial econometrics
,Genetics
,South African history
,Animal communications
,Philosophy of pain
,Metaphysics
,Colombian history
,Asian history
,Brownian dynamics
,Macroeconomics
,Computational geometry
,Evolution
,Psephology
,Concurrency theory
,Applied philosophy
,Databases
,Transport economics
,Lagrangian mechanics
,Logic programming
,Statistics
,Mississippian culture
,Inca history
,History of computer science
,Digital economy
,Proof theory
,Aristotelianism
,Physical geography
,Analytical chemistry
,International organizations
,Representation theory
,Partial differential equations
,Ring theory
,Galois geometry
,Mathematical puzzle
,Canadian politics
,Operations research
,Atmospheric chemistry
,Coastal geography
,Risk management
,Clinical pathology
,Economic geography
,Parapsychology
,Neurochemistry
,Category theory
,Anatomical pathology
,Information architecture
,Modal logic
,Continuum mechanics
,Helminthology
,Fractal geometry
,Philosophy of physical sciences
,Finite geometry
,Digital humanities
,Geometry
,Dermatopathology
,Economic sociology
,Molecular virology
,Approximation theory
,Cynology
,Planetary cartography
,Engineering physics
,Ecological psychology
,Organometallic chemistry
,Virtue ethics
,Health psychology
,Formal methods
,Sonochemistry
,Sound and music computing
,Participatory economics
,Optimal maintenance
,Logic
,Meta-ethics
,History of the Roman Republic
,Indian history
,Statistical physics
,Corporate governance
,Statistical mechanics
,Taxonomy
,Astrophysics
,"Atomic, molecular, and optical physics"
,Algebraic (symbolic) computation
,Oceanography
,Systems science
,Classical mechanics
,Hydraulics
,Theory of computation
,String theory
,Italian history
,Assignment problem
,Decision analysis
,Cultural geography
,Nigerian history
,Differential algebra
,Radiochemistry
,Dynamics
,Public history
,Palaeogeography
,Animal rights
,Ecological economics
,Botany
,European history
,Medicinal chemistry
,Anatomy
,North American history
,History of the Indus Valley Civilization
,Public economics
,Comparative psychology
,Imperative programming
,Group psychology
,Molecular dynamics
,Information systems
,Historical geography
,Economic sector
,Computational physics
,Commutative algebra
,Assyrian
,Computer programming
,Marketing geography
,Human development theory
,Socioeconomics
,Numerical analysis
,Computational chemistry
,Psychobiology
,Traffic psychology
,Purchasing
,Soil geography
,Computer-aided engineering
,Molecular mechanics
,International relations
,Surface physics
,Marine chemistry
,Surgical pathology
,Electricity
,Peace and conflict studies
,Psychoanalysis
,Swedish history
,Batrachology
,Scientific visualization
,Legal psychology
,Brazilian history
,Feminist philosophy
,Social psychology
,Ancient Greek history
,Contemporary philosophy
,Malacology
,Analytic philosophy
,Systems philosophy
,Support vector machine
,Geometrical optics
,Children's geographies
,Neuroscience
,Projective geometry
,Linear programming
,Virology
,Aerodynamics
,Mayan history
,Biogeography
,Database
,Polish history
,Dutch history
,Financial economics
,Mongolian history
,Computational Neuroscience
,Meta-philosophy
,Religion geography
,Philosophical traditions and schools
,File dynamics
,Geometric number theory
,Anarchist economics
,Human geography
,Mathematical chemistry
,Fluid mechanics
,Molecular biology
,Concurrent programming
,Carthage
,Social physics
,Ancient Chinese history
,Noncommutative algebra
,Cheminformatics
,Sociobiology
,Cetology
,p-adic analysis
,Cosmochemistry
,Nuclear physics
,Quantum technology
,Public choice
,Herpetology
,Korean history
,Elementary particle physics
,Scandinavian history
,Mathematical statistics
,Occupational health psychology
,Cloud computing
,Biogeophysics
,Applied mechanics
,Ancient philosophy
,Indigenous psychology
,Femtochemistry
,Software engineering
,Graph theory
,Cognitive geography
,Artificial intelligence
,Experimental economics
,Nutrition
,Randomized algorithms
,Theoretical computer science
,Gerontology
,Philosophy of artificial intelligence
,Bronze Age
,Philosophy of mind
,Neurophysics
,American politics
,Philosophy of law
,Computer communications (networks)
,Health geography
,Accelerator physics
,Australian history
,Business law
,Complexity economics
,Health economics
,Digital physics
,Lattice theory
,Epistemology
,Computer security
,Arithmetic
,Noncommutative geometry
,World history
,Philosophy of psychology
,Real analysis
,Programming paradigms
,Primatology
,Navigation
,Immunology
,Humanism
,Ethnobotany
,Community psychology
,Nematology
,Human ecology
,Philosophy of religion
,Protistology
,Education economics
,Evolutionary economics
,Soil mechanics
,Linnaean taxonomy
,Xenobiology
,Analytic number theory
,Philosophy of technology
,Phycology
,Business analysis
,Philosophy of social science
,Time geography
,Prehistory
,Statics
,Matrix mechanics
,Soil chemistry
,Astrodynamics
,Psychopathology
,Entrepreneurship
,Meteorology
,Pediatric psychology
,Geomagnetism
,Field theory
,Business
,Intellectual history
,Medical physics
,Apiology
,Materials physics
,Automated reasoning
,Mathematical optimization
,Accounting scholarship
,Behavioural economics
,Topos
,Ichthyology
,Applied ethics
,Philosophy of perception
,Chronobiology
,Aerobiology
,Lie algebra
,Cryobiology
,Computational finance
,Affine geometry
,General topology
,American history
,Policy studies
,Myrmecology
,Cultural history
,Cell biology
,Political economy
,Flight dynamics
,Operations management
,Positive psychology
,Group representation
,Ancient Egypt
,Islamic economics
,Information management
,Relativity
,Continental philosophy
,Molecular genetics
,Finance
,Photonics
,Immunochemistry
,Nuclear chemistry
,Theoretical biology
,Hamiltonian mechanics
,Counseling psychology
,Systems biology
,Zoosemiotics
,Community informatics
,Industrial organization
,Molecular pathology
,Law and economics
,Integral geometry
,Game theory
,Managerial economics
,Business ethics
,Organizational studies
,Cryptanalysis
,Histopathology
,Celestial mechanics
,Developmental psychology
,Mathematical game
,Stochastic process
,Chemical physics
,Collective bargaining
,Norwegian history
,Danish history
,Political behavior
,Quantum acoustics
,Embryology
,Multimedia
,Forensic entomology
,Problem solving
,Programming language semantics
,Neuroethology
,K-theory
,Trigonometry
,Geochemistry
,Probability theory
,Pre-Columbian era
,Solid-state chemistry
,Planktology
,Automata theory
,Sport psychology
,Kinematics
,Non-associative algebra
,Algebraic topology
,Environmental chemistry
,Transport geography
,Biblical history
,Laser physics
,Japanese history
,Integrated geography
,Analytical mechanics
,Determinism
,History of Mesopotamia
,Anarchism
,Teratology
,Distributed databases
,Communication physics
,Balkan history
,Fuzzy logic
,Quantum gravity
,Aztec history
,Bioethics
,Computational economics
,Cuban history
,International trade
,Institutional economics
,Paleontology
,Computer architecture
,Mammalogy
,School psychology
,Calculus
,Cultural psychology
,Palaeontology
,Grid computing
,Social choice theory
,Applied physics
,Modern philosophy
,Management
,System dynamics
,Electrostatic
,Photochemistry
,Computational complexity theory
,Oenology
,Forensic pathology
,African philosophy
,Fluid statics
,Myriapodology
,Political culture
,Systems chemistry
,Thermochemistry
,Landscape ecology
,South American history
,Technological history
,Limnology
,Quantum biology
,Operator theory
,International economics
,Population biology
,Information economics
,Quantum chemistry
,Program semantics
,Biogeochemistry
,Libertarianism
,Mineral physics
,Solid geometry
,Homeokinetics
,Physical optics
,Quantum computing
,Fourier analysis
,Accounting
,Abnormal psychology
,Geopolitics
,Pathology
,Data mining
,Theoretical chemistry
,Socialist economics
,Knowledge management
,Philosophical history
,Structural Biology
,Model theory
,Biological psychology
,Ordinary differential equations
,Quantum field theory
,Physical organic chemistry
,Philosophical logic
,Special relativity
,Evolutionary psychology
,Public law
,Fluid kinematics
,Egyptian history
,Analytical dynamics
,Venezuelan history
,Ancient Roman history
