"CourseName","Department"
"ACC 105 - Show Me the Money","Accounting"
"ACC 110 - Financial Accounting Information for Decision Making","Accounting"
"ACC 211 - Managerial Accounting Information for Decision Making","Accounting"
"ACC 295 - Internship in Accounting","Accounting"
"ACC 301 - Financial Reporting I","Accounting"
"ACC 302 - Financial Reporting II","Accounting"
"ACC 315 - Estate Planning","Accounting"
"ACC 329 - Accounting Information Systems","Accounting"
"ACC 395 - Internship I","Accounting"
"ACC 396 - Internship II","Accounting"
"ACC 405 - Cost Management Systems","Accounting"
"ACC 410 - Auditing and Assurance","Accounting"
"ACC 413 - Concepts and Strategies of Taxation","Accounting"
"ACC 416 - Governmental and Nonprofit Accounting","Accounting"
"ACC 418 - Principles of Fraud Examination","Accounting"
"ACC 490 - Independent Study in Accounting","Accounting"
"ACC 499 - Special Topics in Accounting","Accounting"
"FIN 201 - Personal Finance","Accounting & Finance"
"FIN 295 - Internship in Finance","Accounting & Finance"
"FIN 299 - Special Topics in Finance","Accounting & Finance"
"FIN 315 - Estate Planning","Accounting & Finance"
"FIN 320 - Basic Financial Management","Accounting & Finance"
"FIN 321 - Personal Financial Planning","Accounting & Finance"
"FIN 323 - Financial Engineering","Accounting & Finance"
"FIN 326 - Financial Modeling","Accounting & Finance"
"FIN 327 - Investment Management","Accounting & Finance"
"FIN 328 - Financial Markets and Institutions","Accounting & Finance"
"FIN 330 - International Financial Management","Accounting & Finance"
"FIN 395 - Internship I","Accounting & Finance"
"FIN 396 - Internship II","Accounting & Finance"
"FIN 399 - Special Topics in Finance","Accounting & Finance"
"FIN 490 - Independent Study in Finance","Accounting & Finance"
"AFL 001 - Leadership Laboratory","Air Force ROTC"
"AFL 115 - Heritage & Values of USAF I","Air Force ROTC"
"AFL 116 - Heritage & Values of USAF II","Air Force ROTC"
"AFL 241 - Team and Leadership Fundamentals I","Air Force ROTC"
"AFL 242 - Team and Leadership Fundamentals II","Air Force ROTC"
"AFL 371 - Leading People and Effective Communication I","Air Force ROTC"
"AFL 372 - Leading People and Effective Communication II","Air Force ROTC"
"AFL 481 - National Security Affairs/Preparation for Active Duty I","Air Force ROTC"
"AFL 482 - National Security Affairs/Preparation for Active Duty II","Air Force ROTC"
"ASL 101 - Beginning American Sign Language I","American Sign Language"
"ASL 102 - Beginning American Sign Language II","American Sign Language"
"ASL 150 - Language Table","American Sign Language"
"ASL 201 - Intermediate American Sign Language I","American Sign Language"
"ASL 202 - Intermediate American Sign Language II","American Sign Language"
"ASL 305 - Practical American Sign Language I","American Sign Language"
"ASL 306 - Practical American Sign Language II","American Sign Language"
"ASL 398 - Independent Study","American Sign Language"
"ASL 401 - Advanced American Sign Language I","American Sign Language"
"ASL 402 - Advanced American Sign Language II","American Sign Language"
"ASL 415 - ASL Literature in ASL","American Sign Language"
"ASL 416 - ASL Linguistics in ASL","American Sign Language"
"ASL 418 - Women & Gender in the Deaf* World","American Sign Language"
"ANT 101 - Anthropology: The Cultural View","Anthropology"
"ANT 102 - Biological Anthropology","Anthropology"
"ANT 103 - Introduction to Archaeology","Anthropology"
"ANT 104 - Archaeological Science","Anthropology"
"ANT 105 - Society, Environment, and Change","Anthropology"
"ANT 192 - Introduction to Native American and Indigenous Studies (NAIS)","Anthropology"
"ANT 201 - Human Origins","Anthropology"
"ANT 202 - Origins of Civilization","Anthropology"
"ANT 204 - The Gulf of Maine: Archaeology, Ecology, and Environmental Change","Anthropology"
"ANT 213 - Human Ecology","Anthropology"
"ANT 220 - Indigenous Communities of North America","Anthropology"
"ANT 230 - Hunters and Gatherers","Anthropology"
"ANT 232 - The Anthropology of Sex and Gender","Anthropology"
"ANT 242 - Forensic Anthropology","Anthropology"
"ANT 255 - Cultures of Africa","Anthropology"
"ANT 262 - Women, Arts & Global Tourism","Anthropology"
"ANT 295 - Topics in Anthropology","Anthropology"
"ANT 306 - Analysis of Archaeological Materials","Anthropology"
"ANT 315 - Ethnography: Methods, Ethics, and Practice","Anthropology"
"ANT 320 - Anthropology and the Museum","Anthropology"
"ANT 350 - International Development","Anthropology"
"ANT 360 - Public Archaeology","Anthropology"
"ANT 380 - African American Historical Archaeology","Anthropology"
"ANT 395 - Topics in Anthropology","Anthropology"
"ANT 410 - Japan: Archaeology, Environmental History and Multicultural Perspectives","Anthropology"
"ANT 495 - Topics in Anthropology","Anthropology"
"ARA 101 - Beginning Arabic I","Arabic"
"ARA 102 - Beginning Arabic II","Arabic"
"ARA 201 - Intermediate Arabic I","Arabic"
"ART 124 - Cre8: The Art of Creativity","Art"
"ART 130 - Clay for Everyone","Art"
"ART 141 - Surface, Space, Time (2D)","Art"
"ART 142 - Surface, Space, Time (3D)","Art"
"ART 151 - Fundamentals of Perceptual Drawing","Art"
"ART 170 - The Power of Amateur Photography","Art"
"ART 222 - Digital Art & Design","Art"
"ART 231 - Introduction to Ceramics I","Art"
"ART 232 - Introduction to Ceramics II","Art"
"ART 241 - Introduction to The Visual Book","Art"
"ART 251 - Drawing: Media and Strategies","Art"
"ART 261 - Introduction to Painting","Art"
"ART 271 - Photography: Analog to Digital","Art"
"ART 281 - Introduction to Printmaking: Intaglio and Relief","Art"
"ART 291 - Sculpture: Additive and Subtractive Processes","Art"
"ART 292 - Sculpture: Altered and Constructed Processes","Art"
"ART 311 - Art and Entrepreneurship","Art"
"ART 312 - Topics in Studio Art","Art"
"ART 321 - Exploring Time-Based Art & Design","Art"
"ART 332 - Intermediate Ceramics","Art"
"ART 341 - The Visual Book II: Historical Influences on Contemporary Artists’ Books","Art"
"ART 342 - Summer Book Arts and Print","Art"
"ART 352 - Experimental Drawing","Art"
"ART 361 - Intermediate Drawing and Painting: The Figure","Art"
"ART 372 - Digital Photography","Art"
"ART 382 - Experimental Printmaking","Art"
"ART 393 - Topics in Sculpture","Art"
"ART 400 - Internship in the Visual Arts","Art"
"ART 401 - Senior Seminar in Studio Art","Art"
"ART 407 - Advanced Problems in Art","Art"
"ART 408 - Independent Study in Art","Art"
"ART 412 - Topics in Studio Art","Art"
"ART 431 - Advanced Ceramics I","Art"
"ART 432 - Advanced Ceramics II","Art"
"ART 441 - Advanced Studio in Book Arts","Art"
"ART 461 - Advanced Drawing and Painting I","Art"
"ART 462 - Advanced Drawing and Painting II","Art"
"ART 471 - Advanced Studio in Photography and Digital Art I","Art"
"ART 472 - Advanced Studio in Photography and Digital Art II","Art"
"ART 481 - Advanced Printmaking I","Art"
"ART 491 - Advanced Sculpture I","Art"
"ART 492 - Advanced Sculpture II","Art"
"AED 221 - Introduction to Teaching Visual and Performing Arts","Art Education"
"AED 222 - Art Lab","Art Education"
"AED 230 - Teaching Through the Arts","Art Education"
"AED 321 - Methods of Teaching Visual and Performing Arts","Art Education"
"AED 324 - Student Teaching in Art Education","Art Education"
"AED 400 - Community Art Education Internship (CAED)","Art Education"
"AED 421 - Seminar in Visual and Performing Arts Education","Art Education"
"AED 428 - Independent Study in Art Education","Art Education"
"ARH 111 - Art History: Prehistoric through Medieval","Art History"
"ARH 112 - Art History: Renaissance to the Present","Art History"
"ARH 310 - Art History: Cross-Cultural Perspectives","Art History"
"ARH 311 - Gender Identity and Modern Art","Art History"
"ARH 312 - Art as Social Action","Art History"
"ARH 318 - History of Photography","Art History"
"ARH 321 - Classical Art","Art History"
"ARH 322 - Medieval Art","Art History"
"ARH 323 - Renaissance Art","Art History"
"ARH 326 - Nineteenth-Century European Art","Art History"
"ARH 327 - Modern Art","Art History"
"ARH 328 - Art after 1945","Art History"
"ARH 412 - Topics in Art History","Art History"
"ARH 418 - Independent Study in Art History","Art History"
"AHS 101 - Career Exploration in Liberal Arts","Arts, Humanities & Social Sciences"
"AST 100 - Astronomy","Astronomy"
"AST 103 - Exercises and Experiments in Astronomy","Astronomy"
"BIO 103 - Introduction to Marine Biology","Biology"
"BIO 104 - Marine Biology Laboratory","Biology"
"BIO 105 - Biological Principles I: Cellular Biology","Biology"
"BIO 106 - Laboratory Biology","Biology"
"BIO 107 - Biological Principles II: Evolution, Biodiversity, and Ecology","Biology"
"BIO 109 - Biological Principles III: Functional Biology","Biology"
"BIO 111 - Human Anatomy and Physiology I","Biology"
"BIO 112 - Practical Human Anatomy and Physiology I","Biology"
"BIO 113 - Human Anatomy and Physiology II","Biology"
"BIO 114 - Practical Human Anatomy and Physiology II","Biology"
"BIO 131 - Our Relationship with the Living World","Biology"
"BIO 201 - Genetics","Biology"
"BIO 203 - Ecology","Biology"
"BIO 217 - Evolution","Biology"
"BIO 221 - Human Anatomy and Physiology for Biology Majors I","Biology"
"BIO 223 - Human Anatomy and Physiology for Biology Majors II","Biology"
"BIO 281 - Microbiology for Health Sciences","Biology"
"BIO 282 - Microbiology Laboratory","Biology"
"BIO 291 - Ornithology","Biology"
"BIO 305 - Developmental Biology","Biology"
"BIO 306 - Developmental Biology Laboratory","Biology"
"BIO 309 - Comparative Vertebrate Anatomy","Biology"
"BIO 311 - Microbiology","Biology"
"BIO 321 - Neurobiology","Biology"
"BIO 322 - Neurobiology Laboratory","Biology"
"BIO 337 - Marine Ecology","Biology"
"BIO 345 - Pathophysiology","Biology"
"BIO 351 - Invertebrate Zoology","Biology"
"BIO 383 - Plant Ecology","Biology"
"BIO 401 - Animal Physiology","Biology"
"BIO 402 - Animal Physiology Laboratory","Biology"
"BIO 409 - Cell and Molecular Biology","Biology"
"BIO 410 - Cell and Molecular Biology Laboratory","Biology"
"BIO 413 - Applied Biostatistics","Biology"
"BIO 415 - Microbial Ecology","Biology"
"BIO 416 - Microbial Ecology Lab","Biology"
"BIO 421 - Biology Seminar","Biology"
"BIO 431 - Principles of Immunology","Biology"
"BIO 432 - Immunology Laboratory","Biology"
"BIO 441 - Problems in Biology (Independent Studies)","Biology"
"BIO 443 - Internship","Biology"
"BUS 200 - Introduction to Business","Business"
"BUS 210 - Managing Sport for Society","Business"
"BUS 241 - Applied Business Modeling","Business"
"BUS 260 - Marketing","Business"
"BUS 280 - Legal Environment of Business","Business"
"BUS 285 - Topics in Business","Business"
"BUS 295 - Internship in Business Administration","Business"
"BUS 299 - Special Topics in Business","Business"
"BUS 300 - Entrepreneurial Thinking","Business"
"BUS 301 - Business Analytics","Business"
"BUS 304 - AI, Business & Society","Business"
"BUS 309 - Esports Management","Business"
"BUS 311 - Sport Marketing","Business"
"BUS 312 - Sport Law","Business"
"BUS 314 - Sport Media & Communication","Business"
"BUS 315 - Revenue Generation in Sport","Business"
"BUS 316 - Sport Event & Facility Management","Business"
"BUS 319 - Sport Tourism","Business"
"BUS 322 - Sport Consumer Behavior","Business"
"BUS 335 - International Business","Business"
"BUS 339 - Business Ethics","Business"
"BUS 340 - Managing Organizational Behavior","Business"
"BUS 341 - New Product Development","Business"
"BUS 343 - Management Skills","Business"
"BUS 344 - Business Negotiation","Business"
"BUS 345 - Technology Management","Business"
"BUS 346 - Strategic Human Resource Management","Business"
"BUS 347 - Triple-Bottom-Line Business","Business"
"BUS 348 - Sustainable Business Practicum","Business"
"BUS 351 - Cross-Cultural Management","Business"
"BUS 356 - Digital Marketing","Business"
"BUS 357 - Retail Management","Business"
"BUS 360 - Marketing Strategy","Business"
"BUS 361 - International Marketing","Business"
"BUS 362 - Market Opportunity Analysis","Business"
"BUS 363 - Branding and Advertising","Business"
"BUS 364 - Professional Selling","Business"
"BUS 365 - Consumer Behavior","Business"
"BUS 369 - Marketing Research","Business"
"BUS 371 - Logistics Management","Business"
"BUS 372 - Supply Chain Management","Business"
"BUS 373 - Project Management","Business"
"BUS 374 - Purchasing and Procurement","Business"
"BUS 375 - Production/Operations Management","Business"
"BUS 376 - Advanced Topics in Strategy","Business"
"BUS 378 - Sport Management Practicum","Business"
"BUS 379 - Operational Excellence","Business"
"BUS 382 - International Business Law","Business"
"BUS 385 - Entrepreneurship and Venture Creation","Business"
"BUS 386 - Creative Strategies for Entrepreneurs","Business"
"BUS 387 - Design Thinking","Business"
"BUS 389 - Self-directed Innovation Project","Business"
"BUS 390 - Internship in Innovation, Creativity and Entrepreneurship","Business"
"BUS 391 - Internship in Sustainable Business","Business"
"BUS 392 - Internship in Marketing","Business"
"BUS 394 - Internship in International Business","Business"
"BUS 395 - Internship I","Business"
"BUS 396 - Internship II","Business"
"BUS 397 - Internship in Sport Management/Advance Field Experience","Business"
"BUS 399 - Special Topics in Business","Business"
"BUS 450 - Business Policy and Strategy","Business"
"BUS 485 - Managing the Growing Entrepreneurial Venture","Business"
"BUS 490 - Independent Study","Business"
"BAN 300 - Foundations of Data Management","Business Analytics"
"BAN 340 - Data Mining for Business Analysts","Business Analytics"
"BAN 350 - Data Visualization","Business Analytics"
"CHY 107 - Chemistry for Health Sciences","Chemistry"
"CHY 113 - Principles of Chemistry I","Chemistry"
"CHY 114 - Laboratory Techniques I","Chemistry"
"CHY 115 - Principles of Chemistry II","Chemistry"
"CHY 116 - Laboratory Techniques II","Chemistry"
"CHY 233 - Analytical Chemistry with Lab","Chemistry"
"CHY 251 - Organic Chemistry I","Chemistry"
"CHY 252 - Organic Chemistry Laboratory I","Chemistry"
"CHY 253 - Organic Chemistry II","Chemistry"
"CHY 254 - Organic Chemistry Laboratory II","Chemistry"
"CHY 371 - Quantum Chemistry","Chemistry"
"CHY 373 - Chemical Thermodynamics","Chemistry"
"CHY 374 - Chemical Thermodynamics Laboratory","Chemistry"
"CHY 377 - Spectroscopy","Chemistry"
"CHY 378 - Instrumental Analysis Laboratory","Chemistry"
"CHY 385 - Pickles to Pints: Fermentation Science","Chemistry"
"CHY 410 - Special Topics","Chemistry"
"CHY 421 - Inorganic Chemistry","Chemistry"
"CHY 461 - Biochemistry I","Chemistry"
"CHY 462 - Biochemistry Laboratory I","Chemistry"
"CHY 463 - Biochemistry II","Chemistry"
"CHY 470 - Chemistry in Perspective","Chemistry"
"CHI 101 - Beginning Chinese I","Chinese"
"CHI 102 - Beginning Chinese II","Chinese"
"CHI 201 - Intermediate Chinese I","Chinese"
"CHI 202 - Intermediate Chinese II","Chinese"
"CMS 102 - Introduction to Communication","Communication & Media Studies"
"CMS 103 - Introduction to Media Studies","Communication & Media Studies"
"CMS 150 - The Writing Process","Communication & Media Studies"
"CMS 190 - Nonverbal Communication","Communication & Media Studies"
"CMS 200 - Research Methods in Communication","Communication & Media Studies"
"CMS 201 - Introduction to Public Relations","Communication & Media Studies"
"CMS 202 - Writing for Popular Print Media","Communication & Media Studies"
"CMS 203 - Introduction to Video Production","Communication & Media Studies"
"CMS 204 - Introduction to Video Production Lab","Communication & Media Studies"
"CMS 205 - Topics in Media Writing I","Communication & Media Studies"
"CMS 210 - Topics in Media Criticism I","Communication & Media Studies"
"CMS 215 - Journalism Reporting and Writing","Communication & Media Studies"
"CMS 220 - Topics in Media Production I","Communication & Media Studies"
"CMS 222 - Digital Radio & Audio Production","Communication & Media Studies"
"CMS 223 - Communication Law","Communication & Media Studies"
"CMS 225 - Screenwriting","Communication & Media Studies"
"CMS 235 - Communicating Security","Communication & Media Studies"
"CMS 242 - Communication and Social Media","Communication & Media Studies"
"CMS 265 - Intrapersonal Communication","Communication & Media Studies"
"CMS 272 - Persuasion","Communication & Media Studies"
"CMS 274 - Writing for the Media","Communication & Media Studies"
"CMS 284 - Introduction to Cinema Studies","Communication & Media Studies"
"CMS 286 - History of International Cinema to 1945","Communication & Media Studies"
"CMS 288 - History of International Cinema Since 1945","Communication & Media Studies"
"CMS 290 - Intercultural Communication","Communication & Media Studies"
"CMS 294 - Visual Communication","Communication & Media Studies"
"CMS 298 - Topics in Communication I","Communication & Media Studies"
"CMS 300 - Topics in Media Writing II","Communication & Media Studies"
"CMS 301 - Public Relations: Cases and Campaigns","Communication & Media Studies"
"CMS 302 - Writing the Feature Story","Communication & Media Studies"
"CMS 303 - Media Effects","Communication & Media Studies"
"CMS 305 - Writing Opinion: Editorials and Columns","Communication & Media Studies"
"CMS 310 - Topics in Media Criticism II","Communication & Media Studies"
"CMS 315 - Broadcast Newswriting","Communication & Media Studies"
"CMS 320 - Topics in Media Production II","Communication & Media Studies"
"CMS 322 - Digital Audio Storytelling","Communication & Media Studies"
"CMS 323 - Understanding Technology","Communication & Media Studies"
"CMS 324 - Photojournalism","Communication & Media Studies"
"CMS 326 - Special Effects and Animation","Communication & Media Studies"
"CMS 330 - Interpersonal Communication","Communication & Media Studies"
"CMS 332 - Communication in the Family","Communication & Media Studies"
"CMS 335 - Public Relations: Special Topics","Communication & Media Studies"
"CMS 340 - Narrative Filmmaking","Communication & Media Studies"
"CMS 341 - Narrative Filmmaking Lab","Communication & Media Studies"
"CMS 345 - Small Group Communication","Communication & Media Studies"
"CMS 360 - Ethical Dilemmas in the Digital Age","Communication & Media Studies"
"CMS 374 - Media Criticism and Aesthetics","Communication & Media Studies"
"CMS 375 - Meaning and Communication","Communication & Media Studies"
"CMS 380 - Film Genres & Auteurs","Communication & Media Studies"
"CMS 384 - Topics in Cinema Studies","Communication & Media Studies"
"CMS 393 - Internships in Communication & Media Studies","Communication & Media Studies"
"CMS 398 - Topics in Communication II","Communication & Media Studies"
"CMS 400 - Senior Project Workshop","Communication & Media Studies"
"CMS 401 - Launching into Life After College","Communication & Media Studies"
"CMS 423 - The First Amendment","Communication & Media Studies"
"CMS 440 - Advanced Narrative Filmmaking","Communication & Media Studies"
"CMS 441 - Advanced Narrative Filmmaking Lab","Communication & Media Studies"
"CMS 450 - Service Learning Practicum","Communication & Media Studies"
"CMS 460 - Topics in Media Production III","Communication & Media Studies"
"CMS 480 - Gender Communication","Communication & Media Studies"
"CMS 485 - Senior Seminar in Media Studies","Communication & Media Studies"
"CMS 491 - Independent Study","Communication & Media Studies"
"CMS 493 - Advanced Internship and Professional Portfolio in Media Studies","Communication & Media Studies"
"CMS 495 - Communication Capstone","Communication & Media Studies"
"CMS 498 - Topics in Communication III","Communication & Media Studies"
"COS 160 - Structured Problem Solving","Computer Science"
"COS 161 - Algorithms in Programming","Computer Science"
"COS 184 - Python Programming","Computer Science"
"COS 199 - Topics in Computer Programming","Computer Science"
"COS 212 - Game Software Development","Computer Science"
"COS 226 - Data Structures and Algorithms","Computer Science"
"COS 250 - Computer Organization","Computer Science"
"COS 280 - Discrete Mathematics II","Computer Science"
"COS 285 - Data Structures","Computer Science"
"COS 322 - Foundations of Machine Learning","Computer Science"
"COS 350 - Systems Programming","Computer Science"
"COS 360 - Programming Languages","Computer Science"
"COS 374 - Numerical Analysis","Computer Science"
"COS 398 - Professional Ethics and Social Impact of Computing","Computer Science"
"COS 420 - Object-Oriented Design","Computer Science"
"COS 422 - Computing for Data Science","Computer Science"
"COS 427 - Natural Language Processing","Computer Science"
"COS 430 - Software Engineering","Computer Science"
"COS 432 - Deep Learning","Computer Science"
"COS 450 - Operating Systems","Computer Science"
"COS 457 - Database Systems","Computer Science"
"COS 460 - Computer Networks","Computer Science"
"COS 462 - Image Processing and Computer Vision","Computer Science"
"COS 470 - Topics in Computer Science","Computer Science"
"COS 472 - Artificial Intelligence and Data Mining","Computer Science"
"COS 475 - Advanced Machine Learning","Computer Science"
"COS 485 - Design and Analysis of Computing Algorithms","Computer Science"
"COS 497 - Independent Study in Computer Science","Computer Science"
"COS 498 - Computer Science Internship","Computer Science"
"COR 301 - Thoughtful Giving: Philanthropy and American Culture","Core Curriculum"
"COR 400 - Launching into Life After College","Core Curriculum"
"CRM 100 - Introduction to Criminology","Criminology"
"CRM 216 - White-Collar Crime","Criminology"
"CRM 217 - Crime in Maine","Criminology"
"CRM 220 - Research Methods in Criminology","Criminology"
"CRM 225 - Crimes Against the Environment","Criminology"
"CRM 227 - Policing Society","Criminology"
"CRM 230 - Introduction to the Criminal Justice System","Criminology"
"CRM 310 - Classical Theories of Social Order","Criminology"
"CRM 317 - Gender and Crime","Criminology"
"CRM 320 - Film and Social Order","Criminology"
"CRM 330 - Crime and Social Control","Criminology"
"CRM 340 - Criminal Law","Criminology"
"CRM 350 - Topics in Criminology","Criminology"
"CRM 365 - Race and Punishment","Criminology"
"CRM 370 - Prison and Police Abolition","Criminology"
"CRM 375 - Media, Crime, and Criminality","Criminology"
"CRM 390 - Independent Projects","Criminology"
"CRM 395 - Internship","Criminology"
"CRM 402 - Senior Seminar","Criminology"
"DAN 101 - Contemporary Dance I","Dance"
"DAN 102 - Ballet I","Dance"
"DAN 103 - Jazz Dance I","Dance"
"DAN 104 - Tap Dance I","Dance"
"DAN 105 - Musical Theatre Styles I","Dance"
"DAN 180 - Topics in Technique","Dance"
"DAN 190 - Rehearsal & Production","Dance"
"DAN 201 - Contemporary Dance II","Dance"
"DAN 202 - Ballet II","Dance"
"DAN 203 - Jazz Dance II","Dance"
"DAN 204 - Tap Dance II","Dance"
"DAN 205 - Musical Theatre Styles II","Dance"
"DAN 208 - Choreography","Dance"
"DAN 266 - The Art of Dance","Dance"
"DAN 280 - Topics in Dance","Dance"
"DAN 305 - Dance and Health","Dance"
"DAN 410 - Student Dance Project","Dance"
"ECO 101 - Introduction to Macroeconomics","Economics"
"ECO 102 - Introduction to Microeconomics","Economics"
"ECO 103 - Critical Thinking About Economic Issues","Economics"
"ECO 120 - Lying with Graphs: Reading, Writing and Interpreting Graphs in the Social Sciences","Economics"
"ECO 220 - U.S. Economic and Labor History","Economics"
"ECO 234 - Political Economy in Popular Song","Economics"
"ECO 301 - Intermediate Macroeconomics","Economics"
"ECO 302 - Intermediate Microeconomics","Economics"
"ECO 304 - Research Methods in Economics","Economics"
"ECO 305 - Econometrics","Economics"
"ECO 310 - Money and Banking","Economics"
"ECO 312 - U.S. Economic Policy","Economics"
"ECO 315 - Economic Development","Economics"
"ECO 316 - Case Studies in International Development","Economics"
"ECO 321 - Understanding Contemporary Capitalism","Economics"
"ECO 326 - Environmental Economics","Economics"
"ECO 327 - Natural Resource Economics","Economics"
"ECO 329 - Community Economic Development and Well-Being","Economics"
"ECO 333 - Economics and Happiness","Economics"
"ECO 335 - The Political Economy of Food","Economics"
"ECO 370 - International Economics","Economics"
"ECO 399 - Special Topics in Economics","Economics"
"ECO 400 - Capstone in Economics","Economics"
"ECO 405 - Internship","Economics"
"ECO 490 - Independent Readings and Research in Economics","Economics"
"EDU 100 - Exploring Teaching as a Profession","Education"
"EDU 222 - Foundations of Language and Literacy Development","Education"
"EDU 225 - Multicultural Child and Adolescent Development","Education"
"EDU 230 - Teaching Through the Arts","Education"
"EDU 300 - Educational Media and Technology","Education"
"EDU 305 - Foundations of Cultural and Linguistic Diversity","Education"
"EDU 310 - Education, Schooling, and Democracy","Education"
"EDU 336 - Children’s Literature","Education"
"EDU 401 - Secondary Science Methods for All Students","Education"
"EDU 402 - Secondary English Methods","Education"
"EDU 403 - World Language Methods for all Learners","Education"
"EDU 404 - Secondary Social Studies Methods for All Students","Education"
"EDU 410 - Creating Culturally Responsive Classrooms","Education"
"EDU 414 - Improving Teaching in the Content Areas through Literacy for All Students","Education"
"EDU 442 - Professional Seminar in Teaching","Education"
"EDU 445 - Internship in General Education","Education"
"EDU 446 - Planning and Assessment I","Education"
"EDU 447 - Planning and Assessment II","Education"
"EDU 451 - Elementary Social Studies Methods for All Students","Education"
"EDU 452 - Teaching Elementary Science to All Students","Education"
"EDU 454 - Secondary Mathematics Methods for All Students","Education"
"EDU 465 - Teaching Reading for All Students in Grades K-6","Education"
"EDU 466 - Teaching Writing for All Students","Education"
"ELE 172 - Digital Logic","Electrical Engineering"
"ELE 179 - Digital Logic Laboratory","Electrical Engineering"
"ELE 216 - Circuits I: Steady-State Analysis","Electrical Engineering"
"ELE 217 - Circuits II: System Dynamics","Electrical Engineering"
"ELE 219 - Circuits Laboratory","Electrical Engineering"
"ELE 262 - Physical Electronics","Electrical Engineering"
"ELE 271 - Microprocessor Systems","Electrical Engineering"
"ELE 314 - Signals and Systems","Electrical Engineering"
"ELE 323 - Electromechanical Energy Conversion","Electrical Engineering"
"ELE 342 - Electronics I: Devices and Circuits","Electrical Engineering"
"ELE 343 - Electronics II: Electronic Design","Electrical Engineering"
"ELE 351 - Electromagnetic Fields","Electrical Engineering"
"ELE 427 - Energy and Power Systems","Electrical Engineering"
"ELE 452 - Antennas","Electrical Engineering"
"ELE 467 - Optoelectronics","Electrical Engineering"
"ELE 471 - Real-Time and Embedded Systems","Electrical Engineering"
"ELE 473 - Computer Architecture and Organization","Electrical Engineering"
"ELE 483 - Communications Engineering","Electrical Engineering"
"ELE 486 - Digital Signal Processing","Electrical Engineering"
"ELE 487 - Digital Image Processing","Electrical Engineering"
"ELE 489 - Analog and Digital Signals Laboratory","Electrical Engineering"
"ENG 100 - College Writing","English"
"ENG 101 - Independent Writing","English"
"ENG 102 - Academic Writing","English"
"ENG 140 - Reading Literature","English"
"ENG 201 - Creative Writing","English"
"ENG 204 - Professional Writing","English"
"ENG 205 - Sentence Style","English"
"ENG 220 - World Masterpieces I","English"
"ENG 245 - Introduction to Literary Studies","English"
"ENG 300 - Fiction Writing","English"
"ENG 301 - Poetry Writing","English"
"ENG 302 - Fiction Workshop","English"
"ENG 303 - Poetry Workshop","English"
"ENG 304 - Advanced Memoir","English"
"ENG 305 - Rhetoric, Syntax, and Style","English"
"ENG 306 - Writing the Novel","English"
"ENG 307 - Topics in Professional Writing","English"
"ENG 308 - Writing Center Practicum","English"
"ENG 310 - Topics in Journalism","English"
"ENG 319 - Studies in Genre and Form","English"
"ENG 321 - Modernisms","English"
"ENG 322 - Modern Autobiography","English"
"ENG 328 - Modern Novel: Themes and Methods","English"
"ENG 334 - Topics in Literacy Studies","English"
"ENG 337 - Studies in Rhetoric","English"
"ENG 341 - Contemporary Critical Theories","English"
"ENG 342 - Topics in Contemporary Theory","English"
"ENG 344 - Sex/Gender and Sexuality","English"
"ENG 347 - Topics in Cultural Studies","English"
"ENG 348 - Topics in Interdisciplinary Studies","English"
"ENG 351 - Chaucer and the Medieval World","English"
"ENG 360 - Shakespeare","English"
"ENG 361 - Shakespeare","English"
"ENG 366 - Studies in the Restoration and Eighteenth Century","English"
"ENG 370 - Literature of Discovery, Exploration, and Colonialism","English"
"ENG 371 - Romantic Writing","English"
"ENG 373 - Studies in Romantic Literature and Culture","English"
"ENG 377 - Studies in Nineteenth-Century British Literature and Culture","English"
"ENG 380 - Early Nineteenth-Century American Literature and Culture","English"
"ENG 382 - The Earlier American Novel","English"
"ENG 383 - Studies in African-American Literature and Culture","English"
"ENG 384 - Late Nineteenth-Century American Literature and Culture","English"
"ENG 385 - Studies in Nineteenth-Century American Literature and Culture","English"
"ENG 387 - Women Writers Since 1900","English"
"ENG 393 - The American Novel Since 1900","English"
"ENG 394 - Studies in American Literature and Culture Since 1900","English"
"ENG 396 - James Joyce","English"
"ENG 398 - Studies in British Literature and Culture Since 1900","English"
"ENG 400 - Independent Study in Creative or Expository Writing","English"
"ENG 401 - Creative Writing Minor Thesis","English"
"ENG 409 - Internship in Professional Writing","English"
"ENG 419 - Seminar in Genre and Form","English"
"ENG 441 - Seminar in Literary Criticism and Theory","English"
"ENG 444 - Independent Study in Interdisciplinary and Cultural Studies","English"
"ENG 445 - Seminar in Interdisciplinary and Cultural Studies","English"
"ENG 450 - Independent Study in Medieval Studies","English"
"ENG 456 - Seminar in the Renaissance","English"
"ENG 466 - Seminar in the Eighteenth Century","English"
"ENG 475 - Independent Study in the Nineteenth Century","English"
"ENG 476 - Seminar in Nineteenth-Century Studies","English"
"ENG 491 - Seminar in Literature Since 1900","English"
"ESL 006 - Intensive Grammar","English as Second Language"
"ESL 007 - Listening and Oral Communication/US Culture","English as Second Language"
"ESL 008 - Reading, Writing & Vocabulary","English as Second Language"
"ESL 009 - Intensive Reading and Speaking Fluency","English as Second Language"
"ESL 016 - Intensive Grammar","English as Second Language"
"ESL 017 - Listening and Oral Communication/US Culture","English as Second Language"
"ESL 018 - Reading, Writing & Vocabulary","English as Second Language"
"ESL 019 - Intensive Reading and Speaking Fluency","English as Second Language"
"ESL 098 - Intermediate Grammar and Writing","English as Second Language"
"ESL 099 - Intermediate Reading, Writing, and Vocabulary","English as Second Language"
"ESL 100 - College Writing","English as Second Language"
"ESL 101 - Admissions Pathway Program Level I: Intermediate/Advanced Grammar and Writing","English as Second Language"
"ESL 102 - Admissions Pathway Program Level II: Advanced Grammar and Writing","English as Second Language"
"ESL 103 - Admissions Pathway Program Level I: Intermediate/ Advanced Reading, Writing, and Vocabulary","English as Second Language"
"ESL 104 - Admissions Pathway Program Level II: Advanced Reading, Writing, and Vocabulary","English as Second Language"
"ESL 115 - Applied Grammar and Editing in Professional Communication for Multilingual Students","English as Second Language"
"ESP 101 - Environmental Science and Sustainability","Environmental Science & Policy"
"ESP 102 - Fundamentals of Environmental Science Laboratory","Environmental Science & Policy"
"ESP 125 - Introduction to Environmental Ecology","Environmental Science & Policy"
"ESP 126 - Introduction to Environmental Ecology Laboratory","Environmental Science & Policy"
"ESP 150 - Environmental Science Field Immersion Session","Environmental Science & Policy"
"ESP 197 - Research Skills Lab","Environmental Science & Policy"
"ESP 199 - Topics in Environmental Science","Environmental Science & Policy"
"ESP 200 - Environmental Planning","Environmental Science & Policy"
"ESP 203 - Environmental Communication","Environmental Science & Policy"
"ESP 207 - Atmosphere: Science, Climate, and Change","Environmental Science & Policy"
"ESP 220 - Introduction to Environmental Policy","Environmental Science & Policy"
"ESP 250 - Soils and Land Use","Environmental Science & Policy"
"ESP 260 - Soil and Water Conservation Engineering","Environmental Science & Policy"
"ESP 280 - Research and Analytical Methods","Environmental Science & Policy"
"ESP 299 - Topics in Environmental Science","Environmental Science & Policy"
"ESP 303 - Wetlands Ecology","Environmental Science & Policy"
"ESP 304 - Wetlands Ecology Laboratory","Environmental Science & Policy"
"ESP 308 - Global Sustainability","Environmental Science & Policy"
"ESP 326 - Environmental Economics","Environmental Science & Policy"
"ESP 327 - Natural Resource Economics","Environmental Science & Policy"
"ESP 340 - Environmental Regulations","Environmental Science & Policy"
"ESP 341 - Freshwater Science","Environmental Science & Policy"
"ESP 350 - Environmental Entomology","Environmental Science & Policy"
"ESP 360 - Water Quality Assessment and Control","Environmental Science & Policy"
"ESP 375 - Environmental Risk Assessment and Management","Environmental Science & Policy"
"ESP 389 - Teaching Practicum","Environmental Science & Policy"
"ESP 399 - Topics in Environmental Science","Environmental Science & Policy"
"ESP 400 - Internship","Environmental Science & Policy"
"ESP 401 - Environmental Impact Assessment and Lab","Environmental Science & Policy"
"ESP 412 - Field Ecosystem Ecology","Environmental Science & Policy"
"ESP 413 - Forest Ecology","Environmental Science & Policy"
"ESP 417 - Site Planning and Assessment","Environmental Science & Policy"
"ESP 421 - Natural Resource Policy","Environmental Science & Policy"
"ESP 445 - Environmental Education and Interpretation","Environmental Science & Policy"
"ESP 450 - Research Practicum","Environmental Science & Policy"
"ESP 475 - Topics in Environmental Science","Environmental Science & Policy"
"ESP 480 - Environmental Science and Policy Capstone","Environmental Science & Policy"
"FYE 101 - Husky Participate and Connect Course","First Year Experience"
"FYE 188 - College & Career Success","First Year Experience"
"FRE 101 - Beginning French I","French"
"FRE 102 - Beginning French II","French"
"FRE 150 - Language Table","French"
"FRE 201 - Intermediate French I","French"
"FRE 202 - Intermediate French II","French"
"FRE 300 - Building Fluency in French","French"
"FRE 301 - Practical French I","French"
"FRE 302 - Practical French II","French"
"FRE 398 - Independent Study","French"
"FRE 416 - The Linguistic Structure of French","French"
"GDS 100 - Game Design I: Introduction","Game Design Studies"
"GDS 200 - Game Design II: Collaborative Concepts, Tools and Processes","Game Design Studies"
"GDS 300 - Game Design III: Practicum in Theory & Application","Game Design Studies"
"EGN 101 - Introduction to Engineering","General Engineering"
"EGN 160 - Introduction to Programming: Python","General Engineering"
"EGN 181 - Engineering Tools: Mathematica","General Engineering"
"EGN 182 - Engineering Tools: SolidWorks","General Engineering"
"EGN 186 - Engineering Tools: MATLAB","General Engineering"
"EGN 187 - Engineering Tools: Circuit Simulation","General Engineering"
"EGN 188 - Engineering Tools: Materials Processing","General Engineering"
"EGN 189 - Engineering Tools: Spreadsheet Programming","General Engineering"
"EGN 248 - Introduction to Differential Equations and Linear Algebra","General Engineering"
"EGN 304 - Engineering Economics","General Engineering"
"EGN 325 - Control Systems","General Engineering"
"EGN 329 - Electromechanical and Control Systems Laboratory","General Engineering"
"EGN 394 - Engineering Internship","General Engineering"
"EGN 401 - Senior Design Project I and the Engineering Profession","General Engineering"
"EGN 402 - Senior Design Project II","General Engineering"
"EGN 403 - Advanced Design Project","General Engineering"
"EGN 417 - Introduction to Robotics","General Engineering"
"EGN 421 - Plasma Engineering","General Engineering"
"EGN 446 - Micro Electromechanical Systems","General Engineering"
"EGN 482 - Engineering Problem Solving","General Engineering"
"EGN 497 - Independent Study","General Engineering"
"EGN 498 - Advanced Topics in Engineering","General Engineering"
"GEO 101 - Human Geography","Geography"
"GEO 102 - Physical Geography","Geography"
"GEO 103 - Human-Environmental Geography","Geography"
"GEO 104 - World-Regional Geography","Geography"
"GEO 105 - Society, Environment, and Change","Geography"
"GEO 107 - Maps and Math","Geography"
"GEO 108 - Introduction to ArcGIS","Geography"
"GEO 120 - Geography of Maine","Geography"
"GEO 170 - Global History: Mapping the World Across Cultures","Geography"
"GEO 204 - Coastal and Marine Geography","Geography"
"GEO 209 - Introduction to Land Use Planning","Geography"
"GEO 210 - Planning Maine Communities: Current Issues & Directions","Geography"
"GEO 270 - Mapping Environments and People: Data Visualization and Analysis","Geography"
"GEO 295 - Topics in Geography","Geography"
"GEO 303 - Economic Geography","Geography"
"GEO 304 - Arctic and North Atlantic Regions","Geography"
"GEO 305 - Remote Sensing","Geography"
"GEO 308 - GIS Applications I","Geography"
"GEO 370 - Maps, Territory, Power","Geography"
"GEO 395 - Topics in Geography","Geography"
"GEO 408 - GIS Applications II","Geography"
"GEO 438 - Independent Study in GIS","Geography"
"GEO 445 - Drone Mapping","Geography"
"GEO 448 - GIS Internship","Geography"
"GEO 458 - Research Applications in GIS","Geography"
"GEO 495 - Topics in Geography","Geography"
"GYA 300 - Archaeology Field School","Geography/Anthropology"
"GYA 350 - Internship in Applied Geography-Anthropology","Geography/Anthropology"
"GYA 400 - Independent Study in Anthropology or Geography","Geography/Anthropology"
"GEY 100 - Volcanoes, Earthquakes & Moving Plates","Geology"
"GEY 101 - Lab Experiences in Geology","Geology"
"GER 101 - Beginning German I","German"
"GER 102 - Beginning German II","German"
"GER 150 - Language Table","German"
"GER 201 - Intermediate German I","German"
"GER 202 - Intermediate German II","German"
"GER 300 - Building Fluency in German","German"
"GER 398 - Independent Study","German"
"GRN 300 - Aging and the Family","Gerontology"
"GRN 310 - Aging and the Search for Meaning","Gerontology"
"GRN 312 - The Spiritual Challenges and Opportunities of Aging","Gerontology"
"GRN 313 - Health in Later Years","Gerontology"
"GRN 315 - Rehabilitation Services for Older Adult","Gerontology"
"GRN 318 - Adult Development and Aging","Gerontology"
"GRN 390 - Evaluation and Assessment of Older Adults","Gerontology"
"HTY 101 - Origins of Mediterranean Civilizations to 750 CE","History"
"HTY 102 - World History 750 CE to Present","History"
"HTY 131 - United States History to 1877","History"
"HTY 132 - United States History Since 1877","History"
"HTY 141 - African American History to 1865","History"
"HTY 142 - African American History from 1865","History"
"HTY 143 - Native American History, 1450-2000","History"
"HTY 152 - The Islamic Near East","History"
"HTY 161 - Medieval Africa","History"
"HTY 162 - Modern Africa","History"
"HTY 171 - Traditional East Asia","History"
"HTY 172 - Modern East Asia","History"
"HTY 200 - Reference, Research, and Report Writing","History"
"HTY 300 - History Internship","History"
"HTY 323 - Sex and the World Wars","History"
"HTY 326 - History of the British Empire","History"
"HTY 330 - Germany: Bismarck To Hitler","History"
"HTY 334 - The Holocaust: Policy, Practice, Response","History"
"HTY 335 - Genocide in Our Time","History"
"HTY 340 - Race in American Schooling","History"
"HTY 345 - African Americans and American Justice","History"
"HTY 346 - The Civil Rights Movement","History"
"HTY 347 - Race and the Politics of Mass Incarceration","History"
"HTY 353 - Gender in Native North America, 1450-1850","History"
"HTY 356 - Civil War and Reconstruction","History"
"HTY 357 - The Gilded Age in America, 1869-1898","History"
"HTY 358 - Early Twentieth-Century United States, 1898-1938","History"
"HTY 360 - History of Maine","History"
"HTY 364 - History of Women in the United States","History"
"HTY 374 - Photographing American History","History"
"HTY 375 - History of American Popular Culture","History"
"HTY 377 - Chinese Thought: Confucianism, Daoism, and Zen Buddhism","History"
"HTY 380 - The 1960s","History"
"HTY 388 - Revolution of Modern China","History"
"HTY 390 - Traditional Japan: Court and Warriors","History"
"HTY 391 - Japan’s Rise and Fall as a World Power, 1868-1945","History"
"HTY 394 - Selected Topics in History","History"
"HTY 398 - Independent Study in History","History"
"HTY 400 - Senior Seminar","History"
"HIH 203 - Mind Body Stress Reduction","Holistic & Integrative Health"
"HIH 270 - Holistic Approaches to Reproductive Health","Holistic & Integrative Health"
"HIH 280 - Holistic Health I","Holistic & Integrative Health"
"HIH 281 - Holistic Health II","Holistic & Integrative Health"
"HIH 283 - Healing and Spirituality","Holistic & Integrative Health"
"HIH 284 - Botanical Therapies","Holistic & Integrative Health"
"HIH 288 - Reiki: Energy Medicine","Holistic & Integrative Health"
"HIH 300 - Sustainable Compassion Training","Holistic & Integrative Health"
"HRD 200 - Multicultural Human Development","Human Resource Development"
"HON 100 - Honors College Writing","Honors Program"
"HON 102 - Honors Cultural Interpretation","Honors Program"
"HON 103 - Honors Socio-Cultural Analysis","Honors Program"
"HON 105 - Interdisciplinary Introduction to Logic & Mathematics","Honors Program"
"HON 107 - Honors Creative Expression","Honors Program"
"HON 113 - Honors Principles of Chemistry I","Honors Program"
"HON 115 - Introduction to Honors","Honors Program"
"HON 195 - Honors in Iceland","Honors Program"
"HON 200 - Honors Science Exploration","Honors Program"
"HON 201 - Honors Science Exploration (Lab)","Honors Program"
"HON 202 - Honors Cultural Interpretation","Honors Program"
"HON 203 - Honors Socio-Cultural Analysis","Honors Program"
"HON 207 - Honors Creative Expression","Honors Program"
"HON 215 - Academic Writing: Thinking and Writing in Honors","Honors Program"
"HON 299 - Honors Topics","Honors Program"
"HON 310 - Honors Ethical Inquiry, Social Responsibility, and Citizenship","Honors Program"
"HON 311 - Honors Community-Based Learning","Honors Program"
"HON 315 - Advanced Writing in Honors","Honors Program"
"HON 321 - Honors Internship","Honors Program"
"HON 330 - Mental Health Nursing","Honors Program"
"HON 331 - Honors Directed Research","Honors Program"
"HON 362 - Understanding Regulation: Applying Scissors to Red Tape","Honors Program"
"HON 363 - Human Factors in Regulatory Compliance and Social Policy","Honors Program"
"HON 387 - Design Thinking","Honors Program"
"HON 410 - Honors Thesis Writing Workshop","Honors Program"
"HON 411 - Honors Thesis I","Honors Program"
"HON 412 - Honors Thesis II","Honors Program"
"HON 415 - Honors Capstone","Honors Program"
"IDE 361 - Work Design","Industrial Engineering"
"IDE 362 - Human Factors","Industrial Engineering"
"IDE 369 - Work Design and Human Factors Laboratory","Industrial Engineering"
"IDE 461 - Facility Design","Industrial Engineering"
"IDE 462 - Lean Six Sigma","Industrial Engineering"
"IDE 469 - Lean Facility Inventory Laboratory","Industrial Engineering"
"IDE 481 - Engineering Statistics","Industrial Engineering"
"ITP 210 - Technical Writing","Industrial Technology Professional"
"ITP 230 - Project Management","Industrial Technology Professional"
"ITP 250 - Management Information Systems","Industrial Technology Professional"
"ITP 280 - Managing Organizations in a Technological Environment","Industrial Technology Professional"
"ITP 310 - Facility Planning","Industrial Technology Professional"
"ITP 320 - Workplace Safety and Health Management Systems","Industrial Technology Professional"
"ITP 330 - Supply Chain Management","Industrial Technology Professional"
"ITP 340 - Quality Management","Industrial Technology Professional"
"ITP 350 - Leadership, Teambuilding, and Facilitation","Industrial Technology Professional"
"ITP 381 - Human Resource Development","Industrial Technology Professional"
"ITP 410 - Technical Operations and Strategies","Industrial Technology Professional"
"ITP 490 - Operations, Finance, and Management Control","Industrial Technology Professional"
"ITT 181 - Computing Technologies","Industrial Technology Technical"
"ITT 200 - Introduction to Cybersecurity","Industrial Technology Technical"
"ITT 231 - Technical Visualization","Industrial Technology Technical"
"ITT 241 - Technical Communications","Industrial Technology Technical"
"ITT 272 - Networking I","Industrial Technology Technical"
"ITT 281 - Internet Website Development","Industrial Technology Technical"
"ITT 343 - Graphic Communication Technologies","Industrial Technology Technical"
"ITT 362 - Operating Systems Security","Industrial Technology Technical"
"ITT 363 - Server Administration and Maintenance","Industrial Technology Technical"
"ITT 373 - Networking II","Industrial Technology Technical"
"ITT 376 - Network Defense","Industrial Technology Technical"
"ITT 382 - Advanced Web Site Development","Industrial Technology Technical"
"ITT 383 - Databases","Industrial Technology Technical"
"ITT 385 - Integrative Programming","Industrial Technology Technical"
"ITT 413 - Ethical Hacking","Industrial Technology Technical"
"ITT 440 - Internship","Industrial Technology Technical"
"ITT 451 - Cyber Laws, Policies, and Ethics","Industrial Technology Technical"
"ITT 460 - Capstone","Industrial Technology Technical"
"ITT 463 - Virtualization and Cloud Computing","Industrial Technology Technical"
"ITT 482 - Computer Systems Forensics","Industrial Technology Technical"
"ITT 486 - User Experience","Industrial Technology Technical"
"ITT 490 - Directed Study","Industrial Technology Technical"
"ITA 101 - Beginning Italian I","Italian"
"ITA 102 - Beginning Italian II","Italian"
"ITA 201 - Intermediate Italian I","Italian"
"ITA 202 - Intermediate Italian II","Italian"
"LAN 101 - Beginning Language I","Languages"
"LAN 102 - Beginning Language II","Languages"
"LAN 201 - Intermediate Language I","Languages"
"LAN 202 - Intermediate Language II","Languages"
"LAN 398 - Independent Study","Languages"
"LAT 101 - Beginning Latin I","Latin"
"LAT 102 - Beginning Latin II","Latin"
"LAT 201 - Intermediate Latin I","Latin"
"LAT 202 - Intermediate Latin II","Latin"
"LOS 112 - Microsoft Excel","Leadership & Organizational Studies"
"LOS 114 - PowerPoint","Leadership & Organizational Studies"
"LOS 120 - Statistics for Informed Decision Making","Leadership & Organizational Studies"
"LOS 210 - Creative Critical Inquiry","Leadership & Organizational Studies"
"LOS 270 - Introduction to Leadership","Leadership & Organizational Studies"
"LOS 299 - Writing in the Major","Leadership & Organizational Studies"
"LOS 300 - Organizational Theory","Leadership & Organizational Studies"
"LOS 301 - Group Dynamics","Leadership & Organizational Studies"
"LOS 302 - Organizational Behavior","Leadership & Organizational Studies"
"LOS 304 - Organizational Budgeting and Finance","Leadership & Organizational Studies"
"LOS 310 - Science, Technology, and Society","Leadership & Organizational Studies"
"LOS 312 - Human Resource Management","Leadership & Organizational Studies"
"LOS 314 - Employee Relations","Leadership & Organizational Studies"
"LOS 316 - Diversity in Organizations","Leadership & Organizational Studies"
"LOS 327 - Leading through Conflict","Leadership & Organizational Studies"
"LOS 329 - Research Methods","Leadership & Organizational Studies"
"LOS 330 - Cultural Contexts","Leadership & Organizational Studies"
"LOS 336 - Dealing with Difficult People and Behaviors","Leadership & Organizational Studies"
"LOS 340 - Presidential Civic Leadership Academy I","Leadership & Organizational Studies"
"LOS 341 - Presidential Civic Leadership Academy II","Leadership & Organizational Studies"
"LOS 345 - Leadership and Film","Leadership & Organizational Studies"
"LOS 350 - Leadership","Leadership & Organizational Studies"
"LOS 360 - Innovation in Organizations","Leadership & Organizational Studies"
"LOS 387 - Collegiate Leadership Competition","Leadership & Organizational Studies"
"LOS 398 - Independent Study","Leadership & Organizational Studies"
"LOS 399 - Special Topics","Leadership & Organizational Studies"
"LOS 400 - Senior Seminar: Global Citizenship","Leadership & Organizational Studies"
"LOS 422 - Leadership in the Public/Nonprofit Sectors","Leadership & Organizational Studies"
"LOS 439 - Women’s Ways of Leading: Building Partnerships, Creating Change","Leadership & Organizational Studies"
"LOS 440 - Leading Organizational Change","Leadership & Organizational Studies"
"LOS 450 - Applied Leadership Practicum","Leadership & Organizational Studies"
"LOS 470 - Leadership Study Abroad","Leadership & Organizational Studies"
"LSH 240 - Introducing the Humanities","Liberal Studies in Humanities"
"LSH 340 - Topics in the Humanities","Liberal Studies in Humanities"
"LSH 398 - Independent Study in the Humanities","Liberal Studies in Humanities"
"LSH 440 - Capstone in the Humanities","Liberal Studies in Humanities"
"LIN 105 - Contrastive Analysis: ASL and English","Linguistics"
"LIN 112 - The Birth of a Language","Linguistics"
"LIN 130 - Language Revitalization and Reclamation Methodologies","Linguistics"
"LIN 185 - Language, Mind, and Society: An Introduction to Linguistics","Linguistics"
"LIN 186 - Introduction to Linguistics: Lab","Linguistics"
"LIN 203 - Introduction to the Deaf World","Linguistics"
"LIN 211 - Anatomy and Physiology of the Speech and Hearing Mechanism","Linguistics"
"LIN 212 - Speech Science","Linguistics"
"LIN 213 - Introduction to Audiology","Linguistics"
"LIN 236 - Not Yet Ready for Prime Time Interpreter","Linguistics"
"LIN 309 - Language Acquisition","Linguistics"
"LIN 310 - Signs of Language in the Brain","Linguistics"
"LIN 311 - Phonetics","Linguistics"
"LIN 312 - Phonology and Morphology","Linguistics"
"LIN 313 - Syntax","Linguistics"
"LIN 316 - Crosslinguistic Variation","Linguistics"
"LIN 317 - Two Languages, One Mind: Introduction to Second Language Acquisition and Bilingualism","Linguistics"
"LIN 331 - ASL/English Interpreting","Linguistics"
"LIN 332 - Consecutive Interpreting and Deaf/Hearing Interpreter Teams","Linguistics"
"LIN 333 - Interpreting: Source Language ASL","Linguistics"
"LIN 334 - Interpreting: Source Language English","Linguistics"
"LIN 336 - Observational Internship","Linguistics"
"LIN 394 - Teaching Internship","Linguistics"
"LIN 395 - Research Internship","Linguistics"
"LIN 398 - Independent Study","Linguistics"
"LIN 401 - Foundations of Interpreting I","Linguistics"
"LIN 402 - Foundations of Interpreting II","Linguistics"
"LIN 403 - Foundations of Interpreting III","Linguistics"
"LIN 404 - Foundations of Interpreting IV","Linguistics"
"LIN 409 - Educational Interpreting","Linguistics"
"LIN 410 - Ethical Decision Making in ASL/English Interpreting","Linguistics"
"LIN 413 - Supervised Mentoring","Linguistics"
"LIN 423 - Seminar in Syntax","Linguistics"
"LIN 425 - Special Topics in ASL/English Interpreting","Linguistics"
"LIN 426 - Special Topics in Theoretical Linguistics","Linguistics"
"LIN 431 - Medical Interpreting I: The Essential Piece","Linguistics"
"LIN 432 - Medical Interpreting II: Interpreting Medical Terminology and Body Systems","Linguistics"
"LIN 434 - Pre-practicum","Linguistics"
"LIN 435 - Advanced Interpreting and Practicum I","Linguistics"
"LIN 436 - Practicum II","Linguistics"
"LIN 490 - Introduction to Language Research","Linguistics"
"LIN 498 - Thesis","Linguistics"
"MAT 100 - Mathematics Bridge","Mathematics"
"MAT 101 - Algebraic Bridge","Mathematics"
"MAT 105 - Mathematics for Quantitative Decision Making","Mathematics"
"MAT 108 - College Algebra","Mathematics"
"MAT 120 - Introduction to Statistics","Mathematics"
"MAT 131 - Number Systems for Elementary Teachers","Mathematics"
"MAT 132 - Quantitative Reasoning for Elementary School Teachers","Mathematics"
"MAT 140 - Pre-Calculus Mathematics","Mathematics"
"MAT 145 - Discrete Mathematics I","Mathematics"
"MAT 152 - Calculus A","Mathematics"
"MAT 153 - Calculus B","Mathematics"
"MAT 210 - Business Statistics","Mathematics"
"MAT 220 - Statistics for the Biological Sciences","Mathematics"
"MAT 231 - Algebra for Elementary Teachers","Mathematics"
"MAT 232 - Geometry for Elementary Teachers","Mathematics"
"MAT 242 - Applied Problem Solving","Mathematics"
"MAT 252 - Calculus C","Mathematics"
"MAT 264 - Statistical Software Packages","Mathematics"
"MAT 281 - Introduction to Probability","Mathematics"
"MAT 282 - Statistical Inference","Mathematics"
"MAT 290 - Foundations of Mathematics","Mathematics"
"MAT 295 - Linear Algebra","Mathematics"
"MAT 350 - Differential Equations","Mathematics"
"MAT 352 - Real Analysis","Mathematics"
"MAT 355 - Complex Analysis","Mathematics"
"MAT 364 - Numerical Analysis","Mathematics"
"MAT 366 - Deterministic Models in Operations Research","Mathematics"
"MAT 371 - College Geometry","Mathematics"
"MAT 380 - Probability and Statistics","Mathematics"
"MAT 383 - System Modeling and Simulation","Mathematics"
"MAT 387 - Introduction to Applied/Biostatistical Methods","Mathematics"
"MAT 392 - Theory of Numbers","Mathematics"
"MAT 395 - Abstract Algebra","Mathematics"
"MAT 460 - Mathematical Modeling","Mathematics"
"MAT 461 - Stochastic Models in Operations Research","Mathematics"
"MAT 470 - Non-Euclidean Geometry","Mathematics"
"MAT 484 - Design and Analysis of Experiments","Mathematics"
"MAT 485 - Introduction to Applied Regression","Mathematics"
"MAT 488 - Introduction to Data Mining","Mathematics"
"MAT 490 - Topology","Mathematics"
"MAT 492 - Graph Theory and Combinatorics","Mathematics"
"MAT 497 - Independent Study/Internship in Mathematics","Mathematics"
"MAT 498 - Topics","Mathematics"
"MME 400 - Elementary Mathematics Methods","Mathematics Education"
"MEE 150 - Applied Mechanics: Statics","Mechanical Engineering"
"MEE 230 - Thermodynamics I: Laws and Properties","Mechanical Engineering"
"MEE 251 - Strength of Materials","Mechanical Engineering"
"MEE 259 - Statics and Strength of Materials Laboratory","Mechanical Engineering"
"MEE 260 - Materials Science for Engineers","Mechanical Engineering"
"MEE 270 - Applied Mechanics: Dynamics","Mechanical Engineering"
"MEE 331 - Thermodynamics II: Flows and Cycles","Mechanical Engineering"
"MEE 332 - Fundamentals of Combustion Science","Mechanical Engineering"
"MEE 339 - Thermodynamics Laboratory","Mechanical Engineering"
"MEE 353 - Applied Stress Analysis","Mechanical Engineering"
"MEE 356 - Introduction to the Finite Element Method","Mechanical Engineering"
"MEE 360 - Fluid Mechanics","Mechanical Engineering"
"MEE 372 - Computer-Aided Design of Machine Elements","Mechanical Engineering"
"MEE 373 - Design of Machines and Mechanisms","Mechanical Engineering"
"MEE 374 - Theory and Applications of Vibrations","Mechanical Engineering"
"MEE 379 - Dynamics and Vibrations Laboratory","Mechanical Engineering"
"MEE 422 - Spacecraft Systems Engineering","Mechanical Engineering"
"MEE 432 - Heat Transfer","Mechanical Engineering"
"MEE 439 - Fluid Mechanics and Heat Transfer Laboratory","Mechanical Engineering"
"MEE 454 - Advanced Material Behavior, Testing and Processing","Mechanical Engineering"
"MEE 463 - Aerodynamics","Mechanical Engineering"
"MIS 201 - Leadership Laboratory I","Military Science"
"MIS 202 - Leadership Laboratory II","Military Science"
"MIS 213 - Introduction to ROTC I","Military Science"
"MIS 214 - Introduction to ROTC II","Military Science"
"MIS 225 - History of the Army","Military Science"
"MIS 301 - Self and Team Development I","Military Science"
"MIS 302 - Self and Team Development II","Military Science"
"MIS 401 - Leading Small Organizations I","Military Science"
"MIS 402 - Leading Small Organizations II","Military Science"
"MIS 411 - Leadership and Management I","Military Science"
"MIS 412 - Leadership and Management II","Military Science"
"MIS 495 - Officer Internship","Military Science"
"MUS 100 - Music Appreciation and History","Music"
"MUS 101 - USM Music Ensembles","Music"
"MUS 103 - Introduction to Jazz","Music"
"MUS 110 - Fundamentals of Music","Music"
"MUS 150 - Piano Class 1","Music"
"MUS 151 - Piano Class 2","Music"
"MUS 204 - Rock and Roll: Subversive or Submissive?","Music"
"MUS 205 - Creative Expression through Music Improvisation","Music"
"MUS 210 - Songwriting","Music"
"MUS 244 - Basic Conducting","Music"
"MUS 250 - Piano Class 3","Music"
"MUS 251 - Piano Class 4","Music"
"MUS 252 - Jazz Piano Class 1","Music"
"MUS 253 - Jazz Piano Class 2","Music"
"MUS 256 - Diction for Singers 1: Italian and French","Music"
"MUS 257 - Diction for Singers 2: French and German","Music"
"MUS 271 - Principles of Digital Audio and Music Production","Music"
"MUS 301 - You Can’t Sing That: Music Censorship","Music"
"MUS 310 - Organ Improvisation 1","Music"
"MUS 311 - Organ Improvisation 2","Music"
"MUS 321 - Literature of the Major Instrument","Music"
"MUS 322 - Piano Literature 2","Music"
"MUS 323 - Organ Literature 2","Music"
"MUS 337 - Jazz Arranging","Music"
"MUS 356 - Composers Workshop","Music"
"MUS 360 - Advanced Keyboard Skills 1","Music"
"MUS 361 - Advanced Keyboard Skills 2","Music"
"MUS 371 - Advanced Principles of Digital Audio and Music Production","Music"
"MUS 372 - Pedagogy of the Major Instrument","Music"
"MUS 373 - Piano Pedagogy 2","Music"
"MUS 374 - Jazz Pedagogy","Music"
"MUS 376 - Class Piano Teaching 1","Music"
"MUS 377 - Class Piano Teaching 2","Music"
"MUS 378 - Practicum in Piano Pedagogy 1","Music"
"MUS 379 - Practicum in Piano Pedagogy 2","Music"
"MUS 380 - Jazz Improvisation 1","Music"
"MUS 381 - Jazz Improvisation 2","Music"
"MUS 400 - Southern Maine Symphony Orchestra","Music"
"MUS 401 - University Chorale","Music"
"MUS 402 - University Concert Band","Music"
"MUS 403 - Composers Ensemble","Music"
"MUS 404 - Opera Workshop","Music"
"MUS 405 - Chamber Singers","Music"
"MUS 406 - Chamber Music","Music"
"MUS 407 - Jazz Ensemble","Music"
"MUS 408 - Osher Wind Ensemble","Music"
"MUS 409 - Vocal Jazz Ensemble","Music"
"MUS 410 - Jazz Combo","Music"
"MUS 412 - Music Theatre Workshop","Music"
"MUS 440 - Studio Class","Music"
"MUS 442 - Recital Class","Music"
"MUS 452 - Accompanying","Music"
"MUS 480 - Bibliography and Research in Music","Music"
"MUS 498 - Independent Study in Music","Music"
"MUE 111 - Cultural and Linguistic Diversity for Music Educators","Music Education"
"MUE 113 - Vocal Techniques for Instrumentalists","Music Education"
"MUE 114 - Guitar Techniques","Music Education"
"MUE 150 - ProSeminar II","Music Education"
"MUE 151 - Brass Techniques","Music Education"
"MUE 152 - Percussion Techniques","Music Education"
"MUE 210 - ProSeminar III","Music Education"
"MUE 211 - Teaching and Creative and Critical Listening PK-12","Music Education"
"MUE 250 - ProSeminar IV","Music Education"
"MUE 251 - Teaching Vocal Music PK-12","Music Education"
"MUE 252 - Choral Conducting","Music Education"
"MUE 310 - ProSeminar V","Music Education"
"MUE 312 - Teaching Instrumental Music PK-12","Music Education"
"MUE 313 - Instrumental Conducting","Music Education"
"MUE 315 - Woodwind Techniques","Music Education"
"MUE 350 - ProSeminar VI","Music Education"
"MUE 351 - Teaching Improvisation in Music PK-12","Music Education"
"MUE 352 - String Techniques","Music Education"
"MUE 355 - Teaching Music Composition PK-12","Music Education"
"MUE 412 - Woodwind Techniques","Music Education"
"MUE 450 - Professional Internship","Music Education"
"MUE 451 - Professional Portfolio","Music Education"
"MUE 452 - Research in Music Education","Music Education"
"MUH 105 - Multi-Cultural Perspectives of American Popular Music and Jazz","Music History"
"MUH 206 - Jazz History","Music History"
"MUH 222 - Music History Survey 1","Music History"
"MUH 223 - Music History Survey 2","Music History"
"MUH 320 - Seminar in Music History","Music History"
"MUH 325 - The History of Musical Theatre in America","Music History"
"MUH 329 - Devils, Dwarves and Dragons","Music History"
"MUP 101 - Applied Music","Music Performance"
"MUP 102 - Applied Music","Music Performance"
"MUP 201 - Applied Music","Music Performance"
"MUP 202 - Applied Music","Music Performance"
"MUP 203 - Applied Music","Music Performance"
"MUP 204 - Applied Music Jazz","Music Performance"
"MUP 205 - Applied Music Jazz","Music Performance"
"MUP 206 - Applied Classical Voice Coaching","Music Performance"
"MUP 207 - Applied Classical Voice Coaching","Music Performance"
"MUP 208 - Applied Musical Theatre Voice Coaching","Music Performance"
"MUP 209 - Applied Musical Theatre Voice Coaching","Music Performance"
"MUP 390 - Recital","Music Performance"
"MUP 490 - Senior Recital / Seminar","Music Performance"
"MUP 491 - Recital","Music Performance"
"MUT 110 - Music Theory 1","Music Theory"
"MUT 111 - Sight Singing and Aural Skills 1","Music Theory"
"MUT 112 - Music Theory 2","Music Theory"
"MUT 113 - Sight Singing and Aural Skills 2","Music Theory"
"MUT 210 - Music Theory 3","Music Theory"
"MUT 211 - Sight Singing and Aural Skills 3","Music Theory"
"MUT 212 - Music Theory 4","Music Theory"
"MUT 213 - Sight Singing and Aural Skills 4","Music Theory"
"MUT 330 - Form and Analysis","Music Theory"
"MUT 332 - Counterpoint","Music Theory"
"NUR 252 - Human Nutrition","Nursing"
"NUR 270 - Intro to Professional Nursing, Leadership, and Ethics","Nursing"
"NUR 300 - Health Assessment","Nursing"
"NUR 301 - Health Assessment Lab","Nursing"
"NUR 302 - Pharmacology","Nursing"
"NUR 306 - Fundamentals in Nursing Arts and Science","Nursing"
"NUR 307 - Fundamentals in Nursing Lab","Nursing"
"NUR 308 - Concepts of Professional Nursing Practice","Nursing"
"NUR 309 - Health Assessment for RNs","Nursing"
"NUR 310 - Health Assessment Lab for RNs","Nursing"
"NUR 313 - Intermediate Nursing Skills and Simulation Lab","Nursing"
"NUR 314 - RN Credit Option","Nursing"
"NUR 318 - Evidence-based Practice in Nursing","Nursing"
"NUR 319 - Qualitative Inquiry in Nursing","Nursing"
"NUR 321 - Health-Related Research","Nursing"
"NUR 323 - Adult Health Nursing I Lecture","Nursing"
"NUR 325 - Adult Health Nursing I Clinical","Nursing"
"NUR 329 - Mental Health Skills and Simulation Lab","Nursing"
"NUR 330 - Mental Health Nursing","Nursing"
"NUR 331 - Mental Health Nursing Clinical","Nursing"
"NUR 341 - Community & Public Health Service Learning","Nursing"
"NUR 356 - Community and Public Health Nursing","Nursing"
"NUR 370 - Theory for Clinical Practice","Nursing"
"NUR 386 - Geary Clinical Cooperative","Nursing"
"NUR 399 - Topics","Nursing"
"NUR 413 - Advanced Nursing Skills and Simulation Lab","Nursing"
"NUR 417 - Child Health Skills and Simulation Lab","Nursing"
"NUR 418 - Reproductive Health Skills and Simulation Lab","Nursing"
"NUR 419 - Community Nursing Partnerships for RNs Clinical","Nursing"
"NUR 421 - Reproductive and Sexual Health Nursing","Nursing"
"NUR 422 - Reproductive and Sexual Health Nursing Clinical","Nursing"
"NUR 423 - Adult Health Nursing II Lecture","Nursing"
"NUR 425 - Adult Health Nursing II Clinical","Nursing"
"NUR 427 - Child Health Nursing","Nursing"
"NUR 428 - Child Health Nursing Clinical","Nursing"
"NUR 429 - Clinically Applied Pharmacology","Nursing"
"NUR 470 - Advanced Professional Nursing, Leadership, and Ethics","Nursing"
"NUR 474 - Professional Issues: Leadership, Management, and Organizations for RNs","Nursing"
"NUR 476 - Theory Related to Clinical Specialty for RNs","Nursing"
"NUR 480 - Practicum/Care Management Seminar and Clinical","Nursing"
"NUR 489 - Role Transition to Professional Practice","Nursing"
"NUR 490 - Capstone in Nursing","Nursing"
"NUR 495 - Directed Study","Nursing"
"OTH 201 - Joy in Doing: Foundations of OT Practice","Occupational Therapy"
"OTH 203 - The Caring Practitioner","Occupational Therapy"
"OTH 206 - The Curious Practitioner","Occupational Therapy"
"OTH 207 - Justice and Occupation","Occupational Therapy"
"OTH 303 - Occupation-based Interventions for Adults","Occupational Therapy"
"OTH 304 - Occupation-based Interventions for Children","Occupational Therapy"
"OTH 305 - Occupation-based Interventions for Mental Health","Occupational Therapy"
"OTH 306 - Occupation-based Interventions for Adults Lab","Occupational Therapy"
"OTH 307 - Occupation-based Interventions for Children Lab","Occupational Therapy"
"OTH 308 - Occupation-based Interventions for Mental Health Lab","Occupational Therapy"
"OTH 310 - Care and Justice in OT Management","Occupational Therapy"
"OTH 314 - The Wonders of Human Movement","Occupational Therapy"
"OTH 315 - The Wonders of Human Movement Lab","Occupational Therapy"
"OTH 320 - Level I Fieldwork: Community-Engaged Mental Health","Occupational Therapy"
"OTH 330 - Level I Fieldwork: International/Populations","Occupational Therapy"
"OTH 335 - Occupational Science","Occupational Therapy"
"OTH 340 - Level I Fieldwork: Interprofessional Education","Occupational Therapy"
"OTH 400 - Global Perspectives on Occupation","Occupational Therapy"
"OTH 401 - Assessment and Outcomes for Occupational Participation","Occupational Therapy"
"OTH 416 - Transition to Practice","Occupational Therapy"
"OTH 417 - A Joyful Life: Occupational Wellness across the Lifespan","Occupational Therapy"
"OTH 440 - Baccalaureate Project I","Occupational Therapy"
"OTH 450 - Baccalaureate Project II","Occupational Therapy"
"OTH 460 - First Level II Fieldwork","Occupational Therapy"
"OTH 470 - Second Level II Fieldwork","Occupational Therapy"
"PHI 105 - Introduction to Philosophy: Philosophy Through Its History","Philosophy"
"PHI 200 - World Philosophy Day","Philosophy"
"PHI 201 - Public Philosophy","Philosophy"
"PHI 205 - Logic","Philosophy"
"PHI 211 - Media Ethics","Philosophy"
"PHI 212 - Environmental Ethics","Philosophy"
"PHI 215 - Philosophy of Literature","Philosophy"
"PHI 220 - Philosophy of Art and Visual Culture","Philosophy"
"PHI 221 - Philosophy of Film","Philosophy"
"PHI 225 - Philosophy of the Mind","Philosophy"
"PHI 230 - Philosophy of Religion","Philosophy"
"PHI 235 - Philosophy, Social Media, and Security","Philosophy"
"PHI 241 - Work: Economics, Ethics, and Politics","Philosophy"
"PHI 245 - Africa, Social Justice, and Exile","Philosophy"
"PHI 250 - Philosophy of Science","Philosophy"
"PHI 260 - Philosophy of Law","Philosophy"
"PHI 270 - Epistemology","Philosophy"
"PHI 275 - The Nature of Compassion","Philosophy"
"PHI 285 - Biology, Technology, and Ethics","Philosophy"
"PHI 290 - Problems in Philosophy","Philosophy"
"PHI 291 - Death and Dying","Philosophy"
"PHI 295 - Medicine, Madness, and Disease","Philosophy"
"PHI 301 - Ethical Theories","Philosophy"
"PHI 305 - Political Philosophy","Philosophy"
"PHI 310 - History of Ancient Philosophy","Philosophy"
"PHI 311 - Happiness and the Good Life","Philosophy"
"PHI 315 - Eastern Philosophy","Philosophy"
"PHI 320 - History of Medieval and Renaissance Philosophy","Philosophy"
"PHI 330 - The Enlightenment: Modern Philosophy from Descartes to Kant","Philosophy"
"PHI 350 - American Philosophy","Philosophy"
"PHI 355 - Contemporary Feminism","Philosophy"
"PHI 360 - Existentialism","Philosophy"
"PHI 370 - Analytic Philosophy","Philosophy"
"PHI 380 - Contemporary Philosophy","Philosophy"
"PHI 395 - Philosophy Teaching Internship","Philosophy"
"PHI 398 - Independent Study","Philosophy"
"PHI 400 - Philosophy Topics Seminar","Philosophy"
"PHI 405 - Major Figure Seminar in Philosophy","Philosophy"
"PHI 409 - Research Seminar","Philosophy"
"PHI 410 - Senior Thesis","Philosophy"
"PHE 106 - NCAA Life Choices","Physical Education"
"PHE 203 - Athletic Training for Coaches","Physical Education"
"PHE 302 - Coaching Philosophy and Fundamentals","Physical Education"
"PHE 303 - Coaching and Officiating Basketball","Physical Education"
"PHE 308 - Coaching and Officiating Ice Hockey","Physical Education"
"PHE 309 - Coaching and Officiating Track and Field","Physical Education"
"PHE 311 - Coaching and Officiating Soccer","Physical Education"
"PHE 314 - Organization and Administration of Athletics","Physical Education"
"PHE 315 - Coaching and Officiating Field Hockey","Physical Education"
"PHE 316 - Coaching and Officiating Volleyball","Physical Education"
"PHE 335 - Coaching and Officiating Baseball","Physical Education"
"PHE 336 - Coaching and Officiating Softball","Physical Education"
"PHE 391 - Field Experience/Internship","Physical Education"
"PHE 398 - Independent Study in Physical Education","Physical Education"
"PHY 101 - Introduction to Physics","Physics"
"PHY 102 - Introduction to Physics Laboratory","Physics"
"PHY 111 - Elements of Physics I","Physics"
"PHY 112 - Elements of Physics II","Physics"
"PHY 114 - Introductory Physics Laboratory I","Physics"
"PHY 116 - Introductory Physics Laboratory II","Physics"
"PHY 121 - General Physics I","Physics"
"PHY 123 - General Physics II","Physics"
"PHY 211 - Modern Physics I","Physics"
"PHY 213 - Modern Physics II","Physics"
"PHY 240 - Intermediate Laboratory I","Physics"
"PHY 251 - Principles of Electronics","Physics"
"PHY 261 - Computational Physics","Physics"
"PHY 281 - Astrophysics","Physics"
"PHY 314 - Statistical and Thermal Physics","Physics"
"PHY 321 - Classical Mechanics I","Physics"
"PHY 323 - Classical Mechanics II","Physics"
"PHY 331 - Electrodynamics I","Physics"
"PHY 333 - Electrodynamics II","Physics"
"PHY 341 - Quantum Mechanics","Physics"
"PHY 375 - Optics","Physics"
"PHY 390 - Independent Laboratory Study in Physics","Physics"
"PHY 400 - Physics Capstone","Physics"
"PHY 410 - Independent Study or Internship in Physics","Physics"
"POS 101 - Introduction to American Government","Political Science"
"POS 102 - People and Politics","Political Science"
"POS 104 - Introduction to International Relations","Political Science"
"POS 120 - Government and Politics of Maine","Political Science"
"POS 203 - Introduction to Political Science Research","Political Science"
"POS 205 - Introduction to Comparative Politics","Political Science"
"POS 209 - The Global Politics of Soccer","Political Science"
"POS 245 - French Politics and Government","Political Science"
"POS 256 - Media and Politics","Political Science"
"POS 261 - The American Congress","Political Science"
"POS 262 - The American Presidency","Political Science"
"POS 280 - Issues Before the United Nations","Political Science"
"POS 290 - Introduction to Political Theory","Political Science"
"POS 310 - Internet and Politics","Political Science"
"POS 312 - The Politics of Nuclear Weapons","Political Science"
"POS 315 - Media Law","Political Science"
"POS 333 - Theories of Democratization","Political Science"
"POS 334 - Race and Ethnicity in U.S. Politics","Political Science"
"POS 335 - European Politics","Political Science"
"POS 338 - Social Media and Revolutions","Political Science"
"POS 349 - The Middle East in International Politics","Political Science"
"POS 352 - Latino Politics","Political Science"
"POS 360 - Terrorism and the American Public","Political Science"
"POS 374 - United States Foreign Policy","Political Science"
"POS 380 - Topics","Political Science"
"POS 381 - Global Order: 1945 - Present","Political Science"
"POS 382 - Politics of Climate Change","Political Science"
"POS 383 - WMD in the Movies","Political Science"
"POS 390 - Ancient and Medieval Political Theory","Political Science"
"POS 392 - American Political Thought I","Political Science"
"POS 393 - American Political Thought II","Political Science"
"POS 394 - A Year in the Life","Political Science"
"POS 395 - Independent Study I","Political Science"
"POS 396 - Independent Study II","Political Science"
"POS 405 - The European Union","Political Science"
"POS 445 - MeMUNC Conference Planners","Political Science"
"POS 463 - Supreme Court and Constitutional Law","Political Science"
"POS 464 - American Civil Liberties","Political Science"
"POS 475 - Political Science Internship","Political Science"
"POS 476 - Internship in Washington D.C.","Political Science"
"POS 480 - International Affairs Internship","Political Science"
"PSY 100 - Introduction to Psychology","Psychology"
"PSY 201 - Statistics in Psychology","Psychology"
"PSY 205 - Experimental Methodology","Psychology"
"PSY 206 - Methodology Lab","Psychology"
"PSY 220 - Psychology of the Lifespan","Psychology"
"PSY 230 - Social Psychology","Psychology"
"PSY 233 - Abnormal Psychology","Psychology"
"PSY 317 - Cross-Cultural Psychology","Psychology"
"PSY 318 - Applied Behavior Analysis","Psychology"
"PSY 319 - Self Regulation","Psychology"
"PSY 323 - Psychology of Infancy and Childhood","Psychology"
"PSY 338 - Theories of Personality","Psychology"
"PSY 350 - Psychology of Learning","Psychology"
"PSY 360 - Cognitive Processes","Psychology"
"PSY 361 - Sensation and Perception","Psychology"
"PSY 363 - Human Factors in Regulatory Ethics","Psychology"
"PSY 365 - Physiological Psychology","Psychology"
"PSY 368 - Health Psychology","Psychology"
"PSY 375 - Psychology in the Public Interest","Psychology"
"PSY 400 - Independent Study","Psychology"
"PSY 401 - Research Apprenticeship","Psychology"
"PSY 405 - Teaching Apprenticeship","Psychology"
"PSY 410 - Internship/Field Experience","Psychology"
"BPH 101 - Introduction to the U.S. Health System","Public Health"
"BPH 160 - Biology of Human Health","Public Health"
"BPH 161 - Biology of Human Health Lab","Public Health"
"BPH 201 - Fundamentals of Public Health","Public Health"
"BPH 205 - Health Communication and Marketing","Public Health"
"BPH 210 - Health Disparities and Social Justice","Public Health"
"BPH 315 - Population Health Improvement","Public Health"
"BPH 320 - Methods of Public Health Research","Public Health"
"BPH 337 - Introduction to Epidemiology","Public Health"
"BPH 339 - Topics in Public Health","Public Health"
"BPH 397 - Independent Study","Public Health"
"BPH 450 - Analysis of Public Health Data with Lab","Public Health"
"BPH 498 - Professional Development for Public Health Careers","Public Health"
"RCE 100 - Introduction to Race & Ethnic Studies","Race & Ethnic Studies"
"RCE 150 - Introduction to Race","Race & Ethnic Studies"
"RCE 200 - Introduction to Critical Race Theory","Race & Ethnic Studies"
"RCE 330 - Perspectives on Father Involvement","Race & Ethnic Studies"
"REC 110 - Foundations of Recreation and Leisure Studies","Recreation"
"REC 121 - Introduction to Therapeutic Recreation Services","Recreation"
"REC 190 - Yoga and Nutrition","Recreation"
"REC 223 - Environmental Recreation","Recreation"
"REC 226 - Lifetime Leisure Activities","Recreation"
"REC 232 - Methods in Therapeutic Recreation Program Design","Recreation"
"REC 233 - Outdoor Recreation","Recreation"
"REC 241 - Recreation Leadership","Recreation"
"REC 253 - Implications of Disabling Conditions for Therapeutic Recreation","Recreation"
"REC 285 - Perspectives on Animal-Assisted Therapy","Recreation"
"REC 311 - Holistic Therapeutic Recreation Strategies in Geriatrics","Recreation"
"REC 314 - Wellness Education and Counseling","Recreation"
"REC 324 - Inclusive and Special Recreation","Recreation"
"REC 382 - Assessment and Documentation in Therapeutic Recreation","Recreation"
"REC 383 - Facilitation Techniques in Therapeutic Recreation","Recreation"
"REC 398 - Independent Study","Recreation"
"REC 494 - Professional Foundations of Therapeutic Recreation Practice","Recreation"
"REC 495 - Internship","Recreation"
"REC 498 - Management and Professional Development in Therapeutic Recreation","Recreation"
"RHF 106 - Ballroom Dance","Recreation, Health & Fitness"
"RHF 108 - SKY: The Practice of Happiness and Well-being","Recreation, Health & Fitness"
"RHF 109 - Beginning Weight Training","Recreation, Health & Fitness"
"RHF 118 - Yoga","Recreation, Health & Fitness"
"RHF 121 - Self Defense","Recreation, Health & Fitness"
"RHF 122 - Aerobic Kickboxing","Recreation, Health & Fitness"
"RHF 123 - Introduction to Kayaking","Recreation, Health & Fitness"
"RHF 124 - T’ai Chi Qigong","Recreation, Health & Fitness"
"RHF 126 - Stability and Physio-Ball Exercise","Recreation, Health & Fitness"
"RHF 127 - Pilates","Recreation, Health & Fitness"
"RHF 131 - Indoor Cycling Instructor Preparation","Recreation, Health & Fitness"
"RHF 218 - Yoga Fusion","Recreation, Health & Fitness"
"REL 240 - Meaning, Morality, and Religion","Religion Studies"
"RMI 295 - Internship in Risk Management and Insurance","Risk Management & Insurance"
"RMI 320 - Introduction to Risk Management and Insurance","Risk Management & Insurance"
"RMI 330 - Health, Life, and Disability Insurance","Risk Management & Insurance"
"RMI 350 - Corporate Risk Management and Insurance","Risk Management & Insurance"
"RMI 395 - Internship I","Risk Management & Insurance"
"RMI 396 - Internship II","Risk Management & Insurance"
"SBS 122 - A Regulated Society","Social & Behavioral Sciences"
"SBS 200 - Multicultural Human Development","Social & Behavioral Sciences"
"SBS 210 - Me in 3D: Introduction to Social and Behavioral Sciences","Social & Behavioral Sciences"
"SBS 300 - Deviance and Social Control","Social & Behavioral Sciences"
"SBS 301 - Group Dynamics","Social & Behavioral Sciences"
"SBS 302 - Organizational Behavior","Social & Behavioral Sciences"
"SBS 303 - Abnormal Psychology","Social & Behavioral Sciences"
"SBS 304 - Food and Culture","Social & Behavioral Sciences"
"SBS 305 - Child and Adolescent Development","Social & Behavioral Sciences"
"SBS 308 - Medical Anthropology","Social & Behavioral Sciences"
"SBS 310 - Childhood and Society","Social & Behavioral Sciences"
"SBS 311 - Theories of Personality","Social & Behavioral Sciences"
"SBS 315 - Social Psychology of Disability","Social & Behavioral Sciences"
"SBS 316 - Diversity in Organizations","Social & Behavioral Sciences"
"SBS 329 - Research Methods","Social & Behavioral Sciences"
"SBS 332 - Death, Dying, and Denial","Social & Behavioral Sciences"
"SBS 335 - Legal Issues in Health and Human Services","Social & Behavioral Sciences"
"SBS 336 - Fundamentals of Public Health","Social & Behavioral Sciences"
"SBS 337 - Introduction to Epidemiology","Social & Behavioral Sciences"
"SBS 339 - Migration, Ethnicity, and Identity","Social & Behavioral Sciences"
"SBS 341 - The Family","Social & Behavioral Sciences"
"SBS 343 - Substance Use Disorders","Social & Behavioral Sciences"
"SBS 345 - Diversity: Many Voices","Social & Behavioral Sciences"
"SBS 346 - Introduction to Social Services","Social & Behavioral Sciences"
"SBS 348 - Responding to Mental Health Crisis in the Community","Social & Behavioral Sciences"
"SBS 349 - Trauma and Narrative","Social & Behavioral Sciences"
"SBS 350 - Psychosocial Disorders in Childhood and Adolescence","Social & Behavioral Sciences"
"SBS 362 - Understanding Regulation: Applying Scissors to Red Tape","Social & Behavioral Sciences"
"SBS 363 - Human Factors in Regulation","Social & Behavioral Sciences"
"SBS 364 - Introduction to Creative Modalities","Social & Behavioral Sciences"
"SBS 368 - Transitioning Cultures: Ethical Conflicts in Post-Military Life","Social & Behavioral Sciences"
"SBS 370 - Toward a Global Ethics","Social & Behavioral Sciences"
"SBS 375 - Infant Mental Health and Attachment","Social & Behavioral Sciences"
"SBS 389 - Our Brains at Play","Social & Behavioral Sciences"
"SBS 390 - Brain and Behavior","Social & Behavioral Sciences"
"SBS 398 - Independent Study","Social & Behavioral Sciences"
"SBS 399 - Special Topics","Social & Behavioral Sciences"
"SBS 411 - Counseling and Psychotherapy","Social & Behavioral Sciences"
"SBS 413 - Exploring Careers and Job Search Skills","Social & Behavioral Sciences"
"SBS 420 - Mindfulness","Social & Behavioral Sciences"
"SBS 430 - Applied Social and Public Policy","Social & Behavioral Sciences"
"SBS 447 - Internship","Social & Behavioral Sciences"
"SBS 470 - Study Abroad","Social & Behavioral Sciences"
"SOJ 101 - Social Justice / Social Change","Social Justice"
"SOJ 110 - Theoretical Foundations of Social Justice I","Social Justice"
"SOJ 120 - Patterns in Injustice and Resistance","Social Justice"
"SOJ 130 - Analytic Methods and Practical Skills I","Social Justice"
"SOJ 210 - Theoretical Foundations of Social Justice II","Social Justice"
"SOJ 220 - Patterns in Injustice and Resistance II","Social Justice"
"SOJ 230 - Analytic Methods and Practical Skills II","Social Justice"
"SOJ 310 - Theoretical Foundations of Social Justice III","Social Justice"
"SOJ 320 - Patterns in Injustice and Resistance III","Social Justice"
"SOJ 330 - Analytic Methods and Practical Skills III","Social Justice"
"SOJ 401 - Social Justice Capstone","Social Justice"
"SOJ 410 - Theoretical Foundations of Social Justice IV","Social Justice"
"SOJ 420 - Patterns in Injustice and Resistance IV","Social Justice"
"SOJ 430 - Analytic Methods and Practical Skills IV","Social Justice"
"SWO 201 - Introduction to Social Work","Social Work"
"SWO 250 - Introduction to Social Welfare","Social Work"
"SWO 270 - Human Behavior in the Social Environment I","Social Work"
"SWO 310 - Animal-Human Bond","Social Work"
"SWO 330 - Grief and Loss Across the Lifespan","Social Work"
"SWO 333 - Social Work Research I","Social Work"
"SWO 334 - Social Work Research II","Social Work"
"SWO 340 - Race, Gender & Criminal Justice","Social Work"
"SWO 350 - Social Welfare Policy","Social Work"
"SWO 360 - Social Work Practice with LGBTQI+ Communities","Social Work"
"SWO 365 - Foundations of Social Justice in Social Work","Social Work"
"SWO 370 - Human Behavior in the Social Environment","Social Work"
"SWO 375 - Gender and Aging","Social Work"
"SWO 383 - Social Work with Immigrants, Refugees, and Asylum Seekers","Social Work"
"SWO 388 - Substance Use and Related Behaviors: Critical Analysis and Practice","Social Work"
"SWO 393 - Methods of Social Work Practice I","Social Work"
"SWO 397 - Independent Study","Social Work"
"SWO 399 - Topics in Social Work","Social Work"
"SWO 402 - Methods of Social Work Practice II","Social Work"
"SWO 403 - Methods of Social Work Practice III","Social Work"
"SWO 411 - Field Experience and Seminar I","Social Work"
"SWO 412 - Field Experience and Seminar II","Social Work"
"SOC 100 - Introduction to Sociology","Sociology"
"SOC 210 - Critical Thinking about Social Issues","Sociology"
"SOC 300 - Sociological Theory","Sociology"
"SOC 301 - Qualitative Research Methods","Sociology"
"SOC 307 - Quantitative Research Methods","Sociology"
"SOC 316 - Sociology of Gender","Sociology"
"SOC 327 - Social Movements","Sociology"
"SOC 330 - Sociology of the Family","Sociology"
"SOC 336 - Law and Society","Sociology"
"SOC 370 - Sociology of the Environment","Sociology"
"SOC 371 - Sociology of Race and Ethnicity","Sociology"
"SOC 379 - Sociology of Indigenous Peoples","Sociology"
"SOC 380 - Topics in Sociology","Sociology"
"SOC 390 - Individualized Instruction I","Sociology"
"SOC 395 - Internship","Sociology"
"SOC 410 - Sociology Capstone","Sociology"
"SOC 450 - Undergraduate Teaching Assistantship","Sociology"
"SPA 101 - Beginning Spanish I","Spanish"
"SPA 102 - Beginning Spanish II","Spanish"
"SPA 150 - Language Table","Spanish"
"SPA 201 - Intermediate Spanish I","Spanish"
"SPA 202 - Intermediate Spanish II","Spanish"
"SPA 300 - Building Fluency in Spanish","Spanish"
"SPA 301 - Practical Spanish I","Spanish"
"SPA 302 - Practical Spanish II","Spanish"
"SPA 398 - Independent Study","Spanish"
"SPA 416 - The Linguistic Structure of Spanish","Spanish"
"SED 235 - Students with Exceptionalities in General Education","Special Education"
"SED 282 - Special Education Regulations, Procedures, and the IEP Team","Special Education"
"SED 288 - Registered Teacher Apprenticeship Practicum","Special Education"
"SED 300 - Ethics and Serving Individuals with Disabilities","Special Education"
"SED 318 - Targeted and Individualized Instructional Strategies for Students with Disabilities","Special Education"
"SED 387 - Technology for Learning and Communicating","Special Education"
"SED 392 - Early Childhood Special Education","Special Education"
"SED 393 - Transitions Among Agency, School, and Community","Special Education"
"SED 415 - Positive Behavioral Interventions and Supports (PBIS)","Special Education"
"SED 425 - Multi-Tier Mathematics Instruction and Assessment","Special Education"
"SED 427 - Multi-Tier Reading Instruction and Assessment","Special Education"
"SED 453 - Assessment of Academic Achievement","Special Education"
"SED 488 - Internship in Special Education for Students with Mild to Moderate Disabilities","Special Education"
"SPM 100 - Introduction to Exercise, Health, and Sport Sciences","Sports Medicine"
"SPM 101 - Basic Life Support and First Aid 1","Sports Medicine"
"SPM 102 - Basic Life Support and First Aid 2","Sports Medicine"
"SPM 140 - Medical Terminology","Sports Medicine"
"SPM 219 - Lifetime Physical Fitness and Wellness","Sports Medicine"
"SPM 230 - Psychology of Physical Activity and Sport","Sports Medicine"
"SPM 260 - Foundations of Exercise Science","Sports Medicine"
"SPM 325 - Methods of Resistance Training and Conditioning","Sports Medicine"
"SPM 330 - Physiology of Exercise","Sports Medicine"
"SPM 331 - Physiology of Exercise Laboratory","Sports Medicine"
"SPM 350 - Health Promotion Programs","Sports Medicine"
"SPM 352 - Nutrition for Physical Performance","Sports Medicine"
"SPM 381 - Kinesiology","Sports Medicine"
"SPM 382 - Kinesiology Lab","Sports Medicine"
"SPM 390 - Biomechanics","Sports Medicine"
"SPM 391 - Biomechanics Lab","Sports Medicine"
"SPM 398 - Independent Study","Sports Medicine"
"SPM 425 - Advanced Strength and Conditioning","Sports Medicine"
"SPM 430 - Exercise Testing, Assessment, and Prescription","Sports Medicine"
"SPM 431 - Advanced Exercise Physiology","Sports Medicine"
"SPM 450 - Exercise for Special Populations","Sports Medicine"
"SPM 477 - Health Research Methods","Sports Medicine"
"SPM 485 - Senior Thesis","Sports Medicine"
"SPM 495 - Clinical Internship","Sports Medicine"
"THE 101 - Introduction to Theatre and Text Analysis","Theatre"
"THE 102 - Acting for Non-Majors","Theatre"
"THE 104 - Practicum in Costuming","Theatre"
"THE 105 - Practicum in Stage Lighting","Theatre"
"THE 106 - Practicum in Stagecraft","Theatre"
"THE 112 - Stagecraft Fundamentals","Theatre"
"THE 115 - Math & the Theatre Arts","Theatre"
"THE 122 - Fundamentals of Performance","Theatre"
"THE 136 - Fundamentals of Design","Theatre"
"THE 139 - Theatrical Makeup","Theatre"
"THE 140 - Entry Year Theatre Workshop","Theatre"
"THE 141 - Theatre Workshop I","Theatre"
"THE 142 - Theatre Workshop II","Theatre"
"THE 170 - Public Speaking","Theatre"
"THE 180 - Topics in Theatre","Theatre"
"THE 190 - Rehearsal and Production","Theatre"
"THE 201 - Cultural History of Theatre","Theatre"
"THE 220 - Acting Techniques I","Theatre"
"THE 224 - Acting for the Camera","Theatre"
"THE 225 - Voice and Movement","Theatre"
"THE 232 - Introduction to Stage Management","Theatre"
"THE 234 - Business of Performing Arts","Theatre"
"THE 236 - Practicum in Design","Theatre"
"THE 237 - Practicum in Acting","Theatre"
"THE 250 - Playwriting","Theatre"
"THE 271 - Creative Drama","Theatre"
"THE 280 - Topics in Theatre","Theatre"
"THE 284 - Acting the Song","Theatre"
"THE 290 - Advanced Rehearsal and Production","Theatre"
"THE 321 - Acting Techniques II","Theatre"
"THE 325 - Directing","Theatre"
"THE 330 - Dramaturgy: Creative Research, Development, and Critique","Theatre"
"THE 331 - Scene Design","Theatre"
"THE 333 - Costume Construction","Theatre"
"THE 334 - Costume Design","Theatre"
"THE 335 - Lighting Design","Theatre"
"THE 337 - Sound Design","Theatre"
"THE 352 - Dramatic Literature and History of Modern Theatre","Theatre"
"THE 375 - Devised Theatre","Theatre"
"THE 380 - Topics in Theatre","Theatre"
"THE 384 - Musical Theatre Scene Study","Theatre"
"THE 420 - Acting: Styles","Theatre"
"THE 430 - Topics in Design","Theatre"
"THE 434 - Advanced Design for the Theatre","Theatre"
"THE 451 - Topics in Dramatic Literature and Theatre History","Theatre"
"THE 490 - Independent Study","Theatre"
"THE 491 - Independent Project","Theatre"
"THE 492 - Theatre Internship","Theatre"
"THE 495 - Theatre Capstone","Theatre"
"TAH 101 - Introduction to Tourism & Hospitality","Tourism and Hospitality"
"TAH 150 - Professional Practices Immersion in Tourism & Hospitality","Tourism and Hospitality"
"TAH 211 - Tourism Entrepreneurship","Tourism and Hospitality"
"TAH 221 - Hospitality Management","Tourism and Hospitality"
"TAH 222 - Food and Beverage Management","Tourism and Hospitality"
"TAH 224 - Off-site Catering","Tourism and Hospitality"
"TAH 228 - Introduction to the Craft Beer Sector","Tourism and Hospitality"
"TAH 241 - Sustainable Tourism Development","Tourism and Hospitality"
"TAH 261 - Cultural Tourism","Tourism and Hospitality"
"TAH 299 - Topics in Tourism & Hospitality","Tourism and Hospitality"
"TAH 301 - Global Issues in Travel & Tourism","Tourism and Hospitality"
"TAH 305 - Culture & Communication in the Travel Industry","Tourism and Hospitality"
"TAH 309 - Tourism & Hospitality Internship","Tourism and Hospitality"
"TAH 311 - Event Management","Tourism and Hospitality"
"TAH 312 - Tour Planning & Management","Tourism and Hospitality"
"TAH 320 - Green Meetings and Events","Tourism and Hospitality"
"TAH 321 - Lodging Operations & Systems","Tourism and Hospitality"
"TAH 331 - Sustainable Hospitality Management","Tourism and Hospitality"
"TAH 361 - Local Food & Agritourism","Tourism and Hospitality"
"TAH 399 - Advanced Topics in Tourism & Hospitality","Tourism and Hospitality"
"TAH 409 - Capstone: Tourism & Hospitality Internship","Tourism and Hospitality"
"TAH 415 - Trends & Innovation in Tourism and Hospitality","Tourism and Hospitality"
"TAH 422 - Hospitality Law and HR","Tourism and Hospitality"
"TAH 424 - Hospitality Financial Management","Tourism and Hospitality"
"TAH 426 - Beverage Operations","Tourism and Hospitality"
"TAH 432 - Sustainable Tourism Policy & Planning","Tourism and Hospitality"
"TAH 497 - Independent Study in Tourism & Hospitality","Tourism and Hospitality"
"WAB 101 - Beginning Wabanaki Language I","Wabanaki Languages"
"WAB 102 - Beginning Wabanaki Language II","Wabanaki Languages"
"WAB 150 - Language Table","Wabanaki Languages"
"WAB 180 - Wabanaki Language Reclamation Methodologies","Wabanaki Languages"
"WAB 201 - Intermediate Wabanaki Language I","Wabanaki Languages"
"WAB 202 - Intermediate Wabanaki Language II","Wabanaki Languages"
"WAB 398 - Independent Study","Wabanaki Languages"
"WGS 101 - Introduction to Women and Gender Studies","Women & Gender Studies"
"WGS 201 - Rethinking Gender & Culture","Women & Gender Studies"
"WGS 220 - Topics in Women and Gender Studies","Women & Gender Studies"
"WGS 245 - Topics in Culture and the Arts I","Women & Gender Studies"
"WGS 265 - Topics in Gender and Institutions I","Women & Gender Studies"
"WGS 320 - Advanced Topics in Women and Gender Studies","Women & Gender Studies"
"WGS 335 - Topics in Science, Technology, and Health II","Women & Gender Studies"
"WGS 345 - Topics in Culture and the Arts II","Women & Gender Studies"
"WGS 355 - Topics in History and Resistance II","Women & Gender Studies"
"WGS 365 - Topics in Gender and Institutions II","Women & Gender Studies"
"WGS 380 - The Politics of Difference","Women & Gender Studies"
"WGS 390 - Contemporary Feminist Theories","Women & Gender Studies"
"WGS 465 - Topics in Gender and Institutions III","Women & Gender Studies"
"WGS 470 - Independent Study","Women & Gender Studies"
"WGS 485 - Internship","Women & Gender Studies"
"WGS 486 - Thesis","Women & Gender Studies"
"WGS 490 - Capstone Experience in Women and Gender Studies","Women & Gender Studies"
